-- phpMyAdmin SQL Dump
-- version 4.8.5
-- https://www.phpmyadmin.net/
--
-- Host: 127.0.0.1
-- Czas generowania: 17 Mar 2020, 15:21
-- Wersja serwera: 10.1.38-MariaDB
-- Wersja PHP: 7.3.2

SET SQL_MODE = "NO_AUTO_VALUE_ON_ZERO";
SET AUTOCOMMIT = 0;
START TRANSACTION;
SET time_zone = "+00:00";


/*!40101 SET @OLD_CHARACTER_SET_CLIENT=@@CHARACTER_SET_CLIENT */;
/*!40101 SET @OLD_CHARACTER_SET_RESULTS=@@CHARACTER_SET_RESULTS */;
/*!40101 SET @OLD_COLLATION_CONNECTION=@@COLLATION_CONNECTION */;
/*!40101 SET NAMES utf8mb4 */;

--
-- Baza danych: `edyspozytor`
--

-- --------------------------------------------------------

--
-- Struktura tabeli dla tabeli `destination`
--

CREATE TABLE `destination` (
  `id` int(11) NOT NULL,
  `relacja` text COLLATE utf8_polish_ci,
  `numer_linii` text COLLATE utf8_polish_ci,
  `miasto` int(11) DEFAULT NULL,
  `czas_przejazdu` time DEFAULT NULL,
  `uwagi` text COLLATE utf8_polish_ci
) ENGINE=InnoDB DEFAULT CHARSET=utf8 COLLATE=utf8_polish_ci;

--
-- Zrzut danych tabeli `destination`
--

INSERT INTO `destination` (`id`, `relacja`, `numer_linii`, `miasto`, `czas_przejazdu`, `uwagi`) VALUES
(1, 'Zajezdnia - Dworzec Główny PKP', NULL, 2, '00:14:00', 'Wyjazd z zajezdni'),
(2, 'Dworzec Główny PKP', NULL, 2, '00:14:00', 'Zjazd do zajezdni'),
(3, '3 Maja Ośr. Zdr. - 3 Maja Ośr. Zdr. (okr)', '0', 4, '00:38:00', ''),
(4, 'Mazańcowice M. - Gorzowska Skrzyż.', '1', 4, '00:24:00', ''),
(5, 'Skopanie Os. TBS - Krzekowo', '2', 4, '00:21:00', ''),
(6, 'Objazdowa KZK - Spół. Pracy Centr.', '4', 4, '00:32:00', ''),
(7, 'Skopanie Os. TBS - Połajewo', '7', 4, '00:32:00', ''),
(8, 'Goraj GS - Szwedy', '8', 4, '00:41:00', ''),
(9, 'Mazańcowice M. - Chemiczna', '10', 4, '00:40:00', ''),
(10, 'Mazańcowice M. - Szpital', '10 bis', 4, '00:28:00', ''),
(11, 'Skopanie Os. TBS - Gorzowska Skrzyż.', '14', 4, '00:23:00', ''),
(12, 'Gorzowska Skrzyż. - al. Warszawska', 'VII', 4, '00:27:00', ''),
(13, 'Objazdowa KZK - Makowiec Elektr.', '11', 4, '01:10:00', ''),
(14, 'Skopanie Os. TBS - POLKOLOR', 'A', 4, '00:24:00', 'trolejbus'),
(15, 'Szpital - Huta Daleszycka', 'D', 4, '00:30:00', ''),
(16, 'Objazdowa KZK - Skopanie Os. TBS', '99', 4, '00:06:00', 'wyjazd'),
(17, 'Objazdowa KZK - 3 Maja Ośr. Zdrowia', '99', 4, '00:05:00', 'wyjazd'),
(18, 'Objazdowa KZK - al. Warszawska', '99', 4, '00:10:00', 'wyjazd'),
(19, 'Objazdowa KZK - Gorzowska Skrzyż.', '99', 4, '00:15:00', 'wyjazd'),
(20, 'Objazdowa KZK - Spół. Pracy Centr.', '99', 4, '00:09:00', 'wyjazd'),
(21, 'Zajezdnia MZKA - Dolna', '', 3, '00:30:00', 'wyjazd'),
(22, 'Zajezdnia MZKA - Dworzec Kolejowy', '', 3, '00:18:00', 'wyjazd'),
(23, 'Zajezdnia MZKA - Łęgnowo', '', 3, '00:19:00', 'wyjazd'),
(24, 'Zajezdnia MZKA - Rzymowskiego', '', 3, '00:17:00', 'wyjazd'),
(25, 'Zajezdnia MZKA - Stomil', '', 3, '00:31:00', 'wyjazd'),
(26, 'Zajezdnia MZKA - Koło', '', 3, '00:15:00', 'wyjazd'),
(27, 'Zajezdnia MZKA - Skandynawska/IKEA', '', 3, '00:21:00', 'wyjazd'),
(28, 'Zajezdnia MZKA - Szpitalna/GGST', '', 3, '00:27:00', 'wyjazd'),
(29, 'Zajezdnia MZKA - Kochanowskiego', '', 3, '00:13:00', 'wyjazd'),
(30, 'Zajezdnia MZKA - Plac Wolności', '', 3, '00:17:00', 'wyjazd'),
(31, 'Zajezdnia MZKA - Wiktorowska', '', 3, '00:21:00', 'wyjazd'),
(32, 'Zajezdnia MZKA - Kowale', '', 3, '00:09:00', 'wyjazd'),
(33, 'Zajezdnia MZKA - Śląska', '', 3, '00:19:00', 'wyjazd'),
(34, 'Zajezdnia MZKA - Cmentarz Bielawy', '', 3, '00:17:00', 'wyjazd'),
(35, 'Zajezdnia MZKA - (II) Brzoza Gorzowska/Cegielnia', '', 3, '00:41:00', 'wyjazd'),
(36, 'Zajezdnia MZKA - (II) Górski Zakład Naprawy Taboru Kolejowego', '', 3, '00:21:00', 'wyjazd'),
(37, 'Zajezdnia MZKA - (II) Chmielniki/Wiejska', '', 3, '00:19:00', 'wyjazd'),
(38, 'Zajezdnia MZKA - (II) Puławy/Gorzowska', '', 3, '00:37:00', 'wyjazd'),
(39, 'Łęgnowo - Zajezdnia MZKA', '', 3, '00:19:00', 'zjazd'),
(40, 'Dworzec Kolejowy - Zajezdnia MZKA', '', 3, '00:18:00', 'zjazd'),
(41, 'Rzymowskiego - Zajezdnia MZKA', '', 3, '00:17:00', 'zjazd'),
(42, 'Dolna - Zajezdnia MZKA', '', 3, '00:30:00', 'zjazd'),
(43, 'Szpitalna/GGST - Zajezdnia MZKA', '', 3, '00:27:00', 'zjazd'),
(44, 'Koło - Zajezdnia MZKA', '', 3, '00:15:00', 'zjazd'),
(45, 'Skandynawska/IKEA - Zajezdnia MZKA', '', 3, '00:21:00', 'zjazd'),
(46, 'Kochanowskiego - Zajezdnia MZKA', '', 3, '00:13:00', 'zjazd'),
(47, 'Plac Wolności - Zajezdnia MZKA', '', 3, '00:17:00', 'zjazd'),
(48, 'Wiktorowska - Zajezdnia MZKA', '', 3, '00:21:00', 'zjazd'),
(49, 'Kowale - Zajezdnia MZKA', '', 3, '00:09:00', 'zjazd'),
(50, 'Śląska - Zajezdnia MZKA', '', 3, '00:19:00', 'zjazd'),
(51, 'Cmentarz Bielawy - Zajezdnia MZKA', '', 3, '00:17:00', 'zjazd'),
(52, '(II) Brzoza Gorzowska/Cegielnia - Zajezdnia MZKA', '', 3, '00:41:00', 'zjazd'),
(53, '(II) Górski Zakład Naprawy Taboru Kolejowego - Zajezdnia MZKA', '', 3, '00:21:00', 'zjazd'),
(54, '(II) Chmielniki/Wiejska - Zajezdnia MZKA', '', 3, '00:19:00', 'zjazd'),
(55, '(II) Puławy/Gorzowska - Zajezdnia MZKA', '', 3, '00:37:00', 'zjazd'),
(56, 'Szpitalna/GGST - (II) Batorz/Al. Warszawska', '8A', 3, '01:21:00', ''),
(57, '(II) Batorz/Al. Warszawska - Szpitalna/GGST', '8A', 3, '01:21:00', ''),
(58, 'Dolna - (II) Gorzów Wikt./Dworzec Główny', '9A', 3, '02:01:00', ''),
(59, '(II) Gorzów Wikt./Dworzec Główny - Dolna', '9A', 3, '02:01:00', ''),
(60, 'Dworzec Kolejowy - (II) Doły Gorzowskie/Zajezdnia', '9BIS', 3, '00:44:00', ''),
(61, '(II) Doły Gorzowskie/Zajezdnia - Dworzec Kolejowy', '9BIS', 3, '00:44:00', ''),
(62, 'Szpitalna/GGST - Łęgnowo', '11', 3, '00:51:00', ''),
(63, 'Łęgnowo - Szpitalna/GGST', '11', 3, '00:51:00', ''),
(64, 'Stomil - Rzymowskiego', '12', 3, '00:41:00', ''),
(65, 'Rzymowskiego - Stomil', '12', 3, '00:41:00', ''),
(66, 'Koło - (II) Górski Zakład Naprawy Taboru Kolejowego', '13', 3, '00:37:00', ''),
(67, '(II) Górski Zakład Naprawy Taboru Kolejowego - Koło', '13', 3, '00:37:00', ''),
(68, 'Dworzec Kolejowy - (II) Górsk PKP', 'Z13', 3, '00:23:00', ''),
(69, '(II) Górsk PKP - Dworzec Kolejowy', 'Z13', 3, '00:23:00', ''),
(70, 'Szpitalna/GGST - Skandynawska/IKEA', '14', 3, '00:41:00', ''),
(71, 'Skandynawska/IKEA - Szpitalna/GGST', '14', 3, '00:41:00', ''),
(72, 'Dolna - (II) Chmielniki/Wiejska', '15', 3, '00:43:00', ''),
(73, '(II) Chmielniki/Wiejska - Dolna', '15', 3, '00:43:00', ''),
(74, 'Plac Wolności - Wiktorowska', '16', 3, '00:39:00', ''),
(75, 'Wiktorowska - Plac Wolności', '16', 3, '00:39:00', ''),
(76, 'Skandynawska/IKEA - Kowale', '17', 3, '00:36:00', ''),
(77, 'Kowale - Skandynawska/IKEA', '17', 3, '00:36:00', ''),
(78, 'Śląska - (II) Brzoza Gorzowska/Cegielnia', '19', 3, '01:03:00', ''),
(79, '(II) Brzoza Gorzowska/Cegielnia - Śląska', '19', 3, '01:03:00', ''),
(80, 'Rzymowskiego - Skandynawska/IKEA', '20', 3, '00:47:00', ''),
(81, 'Skandynawska/IKEA - Rzymowskiego', '20', 3, '00:47:00', ''),
(82, '(II) Brzoza Gorzowska/Cegielnia - (II) Górski Zakład Naprawy Taboru Kolejowego', '21', 3, '00:49:00', ''),
(83, '(II) Górski Zakład Naprawy Taboru Kolejowego - (II) Brzoza Gorzowska/Cegielnia', '21', 3, '00:49:00', ''),
(84, 'Łęgnowo - (II) Chmielniki/Wiejska', '22', 3, '00:39:00', ''),
(85, '(II) Chmielniki/Wiejska - Łęgnowo', '22', 3, '00:39:00', ''),
(86, 'Dworzec Kolejowy - Kowale', '23', 3, '00:27:00', ''),
(87, 'Kowale - Dworzec Kolejowy', '23', 3, '00:27:00', ''),
(88, 'Kochanowskiego - (II) Puławy/Gorzowska', '24', 3, '00:53:00', ''),
(89, '(II) Puławy/Gorzowska - Kochanowskiego', '24', 3, '00:53:00', ''),
(90, 'Stomil - Koło', '25', 3, '01:13:00', ''),
(91, 'Koło - Stomil', '25', 3, '01:13:00', ''),
(92, 'Plac Wolności - Śląska', '26', 3, '00:51:00', ''),
(93, 'Śląska - Plac Wolności', '26', 3, '00:51:00', ''),
(94, '(II) Batorz/Al. Warszawska - (II) Batorz/Polkolor', 'B1', 4, '00:29:00', ''),
(95, '(II) Batorz/Polkolor - (II) Batorz/Al. Warszawska', 'B1', 4, '00:29:00', ''),
(96, 'Zajezdnia MZKA - Dworzec Kolejowy', '', 3, '00:18:00', 'wyjazd'),
(97, 'Zajezdnia MZKA - Plątnowska/Kościół', '', 3, '00:32:00', 'wyjazd'),
(98, 'Zajezdnia MZKA - Rondo Lotników Lwowskich', '', 3, '00:17:00', 'wyjazd'),
(99, 'Zajezdnia MZKA - Dolna II', '', 3, '00:32:00', 'wyjazd'),
(100, 'Zajezdnia MZKA - Zaleska', '', 3, '00:28:00', 'wyjazd'),
(101, 'Zajezdnia MZKA - Skandynawska/IKEA', '', 3, '00:23:00', 'wyjazd'),
(102, 'Zajezdnia MZKA - PKP Fabryczna', '', 3, '00:14:00', 'wyjazd'),
(103, 'Zajezdnia MZKA - (II) Przy Lesie', '', 3, '00:27:00', 'wyjazd'),
(104, 'Zajezdnia MZKA - (II) Piastów Gorzowski/Pętla', '', 3, '00:26:00', 'wyjazd'),
(105, 'Zajezdnia MZKA - (II) Brzoza Gorzowska/R. Wielkopolskie', '', 3, '00:30:00', 'wyjazd'),
(106, 'Zajezdnia MZKA - (II) Brzoza Gorzowska/Pętla', '', 3, '00:32:00', 'wyjazd'),
(107, 'Zajezdnia MZKA - (II) Górsk/Pętla', '', 3, '00:32:00', 'wyjazd'),
(108, 'Zajezdnia MZKA - (II) Fałkowo/Zakłady Produkcyjne', '', 3, '00:29:00', 'wyjazd'),
(109, 'Zajezdnia MZKA - (II) Puławy/Pętla', '', 3, '00:35:00', 'wyjazd'),
(110, 'Zajezdnia MZKA - (II) Szpital Zakaźny', '', 3, '00:18:00', 'wyjazd'),
(111, 'Dworzec Kolejowy - Zajezdnia MZKA', '', 3, '00:18:00', 'zjazd'),
(112, 'Plątnowska/Kościół - Zajezdnia MZKA', '', 3, '00:32:00', 'zjazd'),
(113, 'Rondo Lotników Lwowskich - Zajezdnia MZKA', '', 3, '00:17:00', 'zjazd'),
(114, 'Dolna II - Zajezdnia MZKA', '', 3, '00:32:00', 'zjazd'),
(115, 'Zaleska - Zajezdnia MZKA', '', 3, '00:28:00', 'zjazd'),
(116, 'PKP Fabryczna - Zajezdnia MZKA', '', 3, '00:14:00', 'zjazd'),
(117, 'Skandynawska/IKEA - Zajezdnia MZKA', '', 3, '00:23:00', 'zjazd'),
(118, '(II) Szpital Zakaźny - Zajezdnia MZKA', '', 3, '00:18:00', 'zjazd'),
(119, '(II) Puławy/Pętla - Zajezdnia MZKA', '', 3, '00:35:00', 'zjazd'),
(120, '(II) Fałkowo/Zakłady Produkcyjne - Zajezdnia MZKA', '', 3, '00:29:00', 'zjazd'),
(121, '(II) Brzoza Gorzowska/Pętla - Zajezdnia MZKA', '', 3, '00:32:00', 'zjazd'),
(122, '(II) Górsk/Pętla - Zajezdnia MZKA', '', 3, '00:32:00', 'zjazd'),
(123, '(II) Brzoza Gorzowska/R. Wielkopolskie - Zajezdnia MZKA', '', 3, '00:30:00', 'zjazd'),
(124, '(II) Brzoza Gorzowska/Pętla - Zajezdnia MZKA', '', 3, '00:32:00', 'zjazd'),
(125, '(II) Przy Lesie - Zajezdnia MZKA', '', 3, '00:27:00', 'zjazd'),
(126, '(II) Piastów Gorzowski/Pętla - Zajezdnia MZKA', '', 3, '00:26:00', 'zjazd'),
(127, 'Dworzec Kolejowy - Plątnowska/Kościół', '51', 3, '00:56:00', ''),
(128, 'Plątnowska/Kościół - Dworzec Kolejowy', '51', 3, '00:56:00', ''),
(129, 'Rondo Lotników Lwowskich - Dolna II', '52', 3, '00:41:00', ''),
(130, 'Dolna II - Rondo Lotników Lwowskich', '52', 3, '00:41:00', ''),
(131, 'Zaleska - (II) Przy Lesie', '53', 3, '00:36:00', ''),
(132, '(II) Przy Lesie - Zaleska', '53', 3, '00:36:00', ''),
(133, 'Zaleska - (II) Piastów Gorzowski/Pętla', '54', 3, '00:39:00', ''),
(134, '(II) Piastów Gorzowski/Pętla - Zaleska', '54', 3, '00:39:00', ''),
(135, 'Rondo Lotników Lwowskich - (II) Brzoza Gorzowska/R. Wielkopolskie', '55', 3, '00:48:00', ''),
(136, '(II) Brzoza Gorzowska/R. Wielkopolskie - Rondo Lotników Lwowskich', '55', 3, '00:48:00', ''),
(137, 'PKP Fabryczna - (II) Piastów Gorzowski/Pętla', '56', 3, '00:59:00', ''),
(138, '(II) Piastów Gorzowski/Pętla - PKP Fabryczna', '56', 3, '00:59:00', ''),
(139, '(II) Brzoza Gorzowska/Pętla - (II) Górsk/Pętla', '57', 3, '00:41:00', ''),
(140, '(II) Górsk/Pętla - (II) Brzoza Gorzowska/Pętla', '57', 3, '00:41:00', ''),
(141, 'Skandynawska/IKEA - (II) Fałkowo/Zakłady Produkcyjne', '58', 3, '00:27:00', ''),
(142, '(II) Fałkowo/Zakłady Produkcyjne - Skandynawska/IKEA', '58', 3, '00:27:00', ''),
(143, 'Tramwajowa/Zajezdnia MZKA - (II) Puławy/Pętla', '59', 3, '00:46:00', ''),
(144, '(II) Puławy/Pętla - Tramwajowa/Zajezdnia MZKA', '59', 3, '00:46:00', ''),
(145, '(II) Brzoza Gorzowska/R. Wielkopolskie - (II) Szpital Zakaźny', '60', 3, '00:36:00', ''),
(146, '(II) Szpital Zakaźny - (II) Brzoza Gorzowska/R. Wielkopolskie', '60', 3, '00:36:00', ''),
(147, 'Dworzec Kolejowy - Dworzec Kolejowy (okrężna)', '61', 3, '01:23:00', ''),
(148, 'PKP Fabryczna - (II) Górsk PKP', '62', 3, '00:25:00', ''),
(149, '(II) Górsk PKP - PKP Fabryczna', '62', 3, '00:25:00', ''),
(150, 'Rondo Lotników Lwowskich - (II) Doły Gorz./Plac Dołów Gorzowskich', '81', 3, '00:44:00', ''),
(151, '(II) Doły Gorz./Plac Dołów Gorzowskich - Rondo Lotników Lwowskich', '81', 3, '00:44:00', ''),
(152, '(II) Brzoza Gorzowska/Pętla - (II) Batorz/Spółdzielczości Pracy Centrum', '82', 3, '00:36:00', ''),
(153, '(II) Batorz/Spółdzielczości Pracy Centrum - (II) Brzoza Gorzowska/Pętla', '82', 3, '00:36:00', ''),
(154, 'Dworzec Kolejowy - Dworzec Kolejowy (okrężna)', '31N', 3, '01:18:00', ''),
(155, 'Rondo Lotników Lwowskich - Dolna II', '32N', 3, '00:44:00', ''),
(156, 'Dolna II - Rondo Lotników Lwowskich', '32N', 3, '00:44:00', ''),
(157, 'Dolna II - (II) Brzoza Gorzowska/Pętla', '33N', 3, '01:05:00', ''),
(158, '(II) Brzoza Gorzowska/Pętla - Dolna II', '33N', 3, '01:05:00', ''),
(159, '(II) Brzoza Gorzowska/R. Wielkopolskie - (II) Murowaniec/Produkcyjna', '34N', 3, '00:56:00', ''),
(160, '(II) Murowaniec/Produkcyjna - (II) Brzoza Gorzowska/R. Wielkopolskie', '34N', 3, '00:56:00', ''),
(161, 'IKEA - IKEA (okrężna)', 'IKEA', 3, '00:42:00', ''),
(162, 'Zajezdnia DG - Plac Grunwaldzki', '', 5, '00:09:00', 'wyjazd tramwaj'),
(163, 'Zajezdnia DG - Stadion', '', 5, '00:10:00', 'wyjazd tramwaj'),
(164, 'Zajezdnia DG - Osiedle Czerniewickie', '', 5, '00:15:00', 'wyjazd'),
(165, 'Zajezdnia DG - Kwiatowa', '', 5, '00:09:00', 'wyjazd'),
(166, 'Zajezdnia DG - Plac Dołów Gorzowskich', '', 5, '00:09:00', 'wyjazd'),
(167, 'Zajezdnia DG - Dworzec PKP', '', 5, '00:10:00', 'wyjazd'),
(168, 'Zajezdnia DG - Hurtownia Aptek', '', 5, '00:11:00', 'wyjazd'),
(169, 'Zajezdnia DG - Szpital Rehabilitacyjny', '', 5, '00:06:00', 'wyjazd'),
(170, 'Zajezdnia DG - Dom Osób Niepełnosprawnych', '', 5, '00:19:00', 'wyjazd'),
(171, 'Zajezdnia DG - Kościelna', '', 5, '00:06:00', 'wyjazd'),
(172, 'Zajezdnia DG - Akademicka', '', 5, '00:06:00', 'wyjazd'),
(173, 'Plac Grunwaldzki - Zajezdnia DG', '', 5, '00:09:00', 'zjazd tramwaj'),
(174, 'Stadion - Zajezdnia DG', '', 5, '00:10:00', 'zjazd tramwaj'),
(175, 'Osiedle Czerniewickie - Zajezdnia DG', '', 5, '00:15:00', 'zjazd'),
(176, 'Kwiatowa - Zajezdnia DG', '', 5, '00:09:00', 'zjazd'),
(177, 'Plac Dołów Gorzowskich - Zajezdnia DG', '', 5, '00:09:00', 'zjazd'),
(178, 'Dworzec PKP - Zajezdnia DG', '', 5, '00:10:00', 'zjazd'),
(179, 'Hurtownia Aptek - Zajezdnia DG', '', 5, '00:11:00', 'zjazd'),
(180, 'Szpital Rehabilitacyjny - Zajezdnia DG', '', 5, '00:06:00', 'zjazd'),
(181, 'Dom Osób Niepełnosprawnych - Zajezdnia DG', '', 5, '00:19:00', 'zjazd'),
(182, 'Akademicka - Zajezdnia DG', '', 5, '00:06:00', 'zjazd'),
(183, 'Kościelna - Zajezdnia DG', '', 5, '00:06:00', 'zjazd'),
(184, 'Plac Grunwaldzki - Stadion', 'T1', 5, '00:13:00', ''),
(185, 'Stadion - Plac Grunwaldzki', 'T1', 5, '00:13:00', ''),
(186, 'Plac Grunwaldzki - Zajezdnia', 'ZT2', 5, '00:08:00', ''),
(187, 'Zajezdnia - Plac Grunwaldzki', 'ZT2', 5, '00:08:00', ''),
(188, 'Osiedle Czerniewickie - Zajezdnia', '101', 5, '00:16:00', ''),
(189, 'Zajezdnia - Osiedle Czerniewickie', '101', 5, '00:16:00', ''),
(190, 'Plac Grunwaldzki - Kwiatowa', '102', 5, '00:07:00', ''),
(191, 'Plac Grunwaldzki - Zalesie', '102', 5, '00:13:00', ''),
(192, 'Zalesie - Plac Grunwaldzki', '102', 5, '00:13:00', ''),
(193, 'Kwiatowa - Plac Grunwaldzki', '102', 5, '00:07:00', ''),
(194, 'Plac Dołów Gorzowskich - Dworzec PKP', '103', 5, '00:14:00', ''),
(195, 'Dworzec PKP - Plac Dołów Gorzowskich', '103', 5, '00:08:00', ''),
(196, 'Plac Grunwaldzki - Hurtownia Aptek', '104', 5, '00:15:00', ''),
(197, 'Hurtownia Aptek - Plac Grunwaldzki', '104', 5, '00:15:00', ''),
(198, 'Szpital Rehabilitacyjny - Dom Osób Niepełnosprawnych', '105', 5, '00:20:00', ''),
(199, 'Dom Osób Niepełnosprawnych - Szpital Rehabilitacyjny', '105', 5, '00:20:00', ''),
(200, 'Kwiatowa - Szpital Rehabilitacyjny', '106', 5, '00:14:00', ''),
(201, 'Szpital Rehabilitacyjny - Kwiatowa', '106', 5, '00:15:00', ''),
(202, 'Kwiatowa - Kwiatowa (okr.)', '107', 5, '00:16:00', ''),
(203, 'Plac Grunwaldzki - Stadion', '108', 5, '00:09:00', ''),
(204, 'Stadion - Plac Grunwaldzki', '108', 5, '00:09:00', ''),
(205, 'Kwiatowa - Kościelna', '109', 5, '00:12:00', ''),
(206, 'Kościelna - Kwiatowa', '109', 5, '00:12:00', ''),
(207, 'Starogorzowska - Akademicka', '200', 5, '00:09:00', ''),
(208, 'Akademicka - Starogorzowska', '200', 5, '00:09:00', ''),
(209, 'Dworzec PKP - (GW) Dworzec Główny', '201', 5, '02:07:00', ''),
(210, '(GW) Dworzec Główny - Dworzec PKP', '201', 5, '02:07:00', ''),
(211, 'Akademicka - (GOG) Górsk PKP', '202', 5, '00:16:00', ''),
(212, '(GOG) Górsk PKP - Akademicka', '202', 5, '00:16:00', ''),
(213, 'Plac Grunwaldzki - Skandynawska/IKEA', 'IKEA', 5, '00:24:00', ''),
(214, 'Skandynawska/IKEA - Plac Grunwaldzki', 'IKEA', 5, '00:24:00', ''),
(215, 'Plac Grunwaldzki - Hurtownia Aptek', '4', 5, '00:15:00', ''),
(216, 'Hurtownia Aptek - Plac Grunwaldzki', '4', 5, '00:15:00', ''),
(217, 'Szpital Rehabilitacyjny - Dom Osób Niepełnosprawnych', '5', 5, '00:20:00', ''),
(218, 'Dom Osób Niepełnosprawnych - Szpital Rehabilitacyjny', '5', 5, '00:20:00', ''),
(219, 'Kwiatowa - Szpital Rehabilitacyjny', '6', 5, '00:14:00', ''),
(220, 'Szpital Rehabilitacyjny - Kwiatowa', '6', 5, '00:15:00', ''),
(221, '(II) Brzoza Gorzowska/Cegielnia - Rzymowskiego', NULL, 3, '00:27:00', 'zjazd, BWL21'),
(222, '(II) Brzoza Gorzowska/Cegielnia - Plac Wolności', NULL, 3, '00:19:00', 'zjazd, BWL21'),
(223, '(II) Brzoza Gorzowska/Cegielnia - Szpitalna/GGST', NULL, 3, '00:08:00', 'zjazd, BWL21'),
(224, '(II) Górski Zakład Naprawy Taboru Kolejowego - Skandynawska/IKEA', NULL, 3, '00:11:00', 'zjazd, BWL21'),
(225, '(II) Górski Zakład Naprawy Taboru Kolejowego - Wiktorowska', NULL, 3, '00:23:00', 'zjazd, BWL21');

-- --------------------------------------------------------

--
-- Struktura tabeli dla tabeli `plan`
--

CREATE TABLE `plan` (
  `id` int(11) NOT NULL,
  `miasto` int(11) NOT NULL,
  `data` date DEFAULT NULL,
  `id_timetable` int(11) DEFAULT NULL,
  `numer_pojazdu` int(11) DEFAULT NULL
) ENGINE=InnoDB DEFAULT CHARSET=utf8 COLLATE=utf8_polish_ci;

--
-- Zrzut danych tabeli `plan`
--

INSERT INTO `plan` (`id`, `miasto`, `data`, `id_timetable`, `numer_pojazdu`) VALUES
(1, 2, '2020-02-26', 1, 105),
(167, 3, '2020-03-16', 15, 139),
(168, 3, '2020-03-16', 17, 140),
(169, 3, '2020-03-16', 18, 141),
(170, 3, '2020-03-16', 19, 142),
(171, 3, '2020-03-16', 37, 143),
(172, 3, '2020-03-16', 38, 144),
(173, 3, '2020-03-16', 39, 144),
(174, 3, '2020-03-16', 40, 139),
(175, 3, '2020-03-16', 42, 148),
(176, 3, '2020-03-16', 43, 139),
(177, 3, '2020-03-16', 44, 148),
(178, 3, '2020-03-16', 52, 135),
(179, 3, '2020-03-16', 53, 139),
(180, 3, '2020-03-16', 54, 139),
(181, 3, '2020-03-16', 57, 135),
(182, 3, '2020-03-20', 15, 139),
(183, 3, '2020-03-20', 17, 140),
(184, 3, '2020-03-20', 18, 141),
(185, 3, '2020-03-20', 19, 142),
(186, 3, '2020-03-20', 37, 143),
(187, 3, '2020-03-20', 38, 148),
(188, 3, '2020-03-20', 39, 151),
(189, 3, '2020-03-20', 40, 158),
(190, 3, '2020-03-20', 42, 155),
(191, 3, '2020-03-20', 43, 144),
(192, 3, '2020-03-20', 44, 199),
(193, 3, '2020-03-20', 52, 173),
(194, 3, '2020-03-20', 53, 197),
(195, 3, '2020-03-20', 54, 196),
(196, 3, '2020-03-20', 57, 191);

-- --------------------------------------------------------

--
-- Struktura tabeli dla tabeli `timetable`
--

CREATE TABLE `timetable` (
  `id` int(11) NOT NULL,
  `miasto` int(11) NOT NULL,
  `nazwa_zm` text COLLATE utf8_polish_ci,
  `godz_roz` time DEFAULT NULL,
  `godz_zak` time DEFAULT NULL,
  `rodzaj` text COLLATE utf8_polish_ci,
  `obsluga` text COLLATE utf8_polish_ci NOT NULL,
  `uwagi` longtext COLLATE utf8_polish_ci
) ENGINE=InnoDB DEFAULT CHARSET=utf8 COLLATE=utf8_polish_ci;

--
-- Zrzut danych tabeli `timetable`
--

INSERT INTO `timetable` (`id`, `miasto`, `nazwa_zm`, `godz_roz`, `godz_zak`, `rodzaj`, `obsluga`, `uwagi`) VALUES
(15, 3, '17/1', '04:31:00', '01:27:00', 'TRAM', 'Skład', 'NF, Zmiana: 11:36 (B), 17:36 (C)'),
(17, 3, '20/2', '04:10:00', '23:50:00', 'TRAM', 'Skład', 'NF (F),Zmiana: 13:52'),
(18, 3, '17/4', '04:34:00', '23:46:00', 'TRAM', 'Skład', 'Zmiana: 14:34'),
(19, 3, '20/3', '04:08:00', '22:08:00', 'TRAM', 'Skład', 'Zmiana: 12:58'),
(27, 5, 'ZT2/01/R', '04:36:00', '21:59:00', 'BUS', 'MIDI', ''),
(34, 5, '04/01/R/W', '23:06:00', '06:49:00', 'BUS', 'MAXI', ''),
(35, 5, '05/01/C', '20:09:00', '07:29:00', 'BUS', 'MAXI', ''),
(36, 5, '06/01/C', '20:55:00', '07:06:00', 'BUS', 'MAXI', ''),
(37, 3, 'Z13/1A', '04:47:00', '12:21:00', 'TRAM', 'Skład', 'ZR'),
(38, 3, 'Z13/1B', '13:09:00', '21:41:00', 'TRAM', 'Skład', 'ZR'),
(39, 3, 'Z13/4', '04:17:00', '23:36:00', 'TRAM', 'Skład', 'ZR, Zmiana: 14:17'),
(40, 3, '23/2', '04:07:00', '00:13:00', 'TRAM', 'Skład', 'ZR, Zmiana: 10:57 (B), 17:17 (C)'),
(41, 5, 'IKEA/01', '09:16:00', '19:49:00', 'BUS', 'MAXI', ''),
(42, 3, '23/3', '04:37:00', '23:41:00', 'TRAM', 'Skład', 'ZR, Zmiana: 14:20'),
(43, 3, '21/11A', '03:45:00', '07:34:00', 'TRAM', 'Skład', ''),
(44, 3, '21/11B', '11:45:00', '15:34:00', 'TRAM', 'Skład', ''),
(46, 5, '202/01-200', '04:39:00', '22:36:00', 'BUS', 'MAXI', ''),
(47, 5, '202/02-200', '04:09:00', '22:06:00', 'BUS', 'MAXI', ''),
(48, 5, '201/01', '03:35:00', '00:00:00', 'BUS', 'MAXI', 'OBSŁUGA TYLKO L120'),
(49, 5, '201/02', '05:05:00', '01:30:00', 'BUS', 'MAXI', 'OBSŁUGA TYLKO L120'),
(50, 5, '201/03', '06:25:00', '02:40:00', 'BUS', 'MAXI', 'OBSŁUGA TYLKO L120'),
(51, 5, '201/04', '07:35:00', '03:50:00', 'BUS', 'MAXI', 'OBSŁUGA TYLKO L120'),
(52, 3, 'N20/1', '19:45:00', '04:56:00', 'TRAM', 'Skład', ''),
(53, 3, 'N16/2', '20:10:00', '04:38:00', 'TRAM', 'Skład', ''),
(54, 3, 'N14/3', '20:30:00', '05:12:00', 'TRAM', 'Skład', ''),
(56, 2, 'test', '12:12:00', '12:31:00', 'TRAM', 'MIDI', ''),
(57, 3, 'NZ13/1', '23:32:00', '05:40:00', 'TRAM', 'Skład', 'ZR');

-- --------------------------------------------------------

--
-- Struktura tabeli dla tabeli `timetable_course`
--

CREATE TABLE `timetable_course` (
  `id` int(11) NOT NULL,
  `id_timetable` int(11) DEFAULT NULL,
  `nr_kursu` int(11) DEFAULT NULL,
  `nr_linii` text COLLATE utf8_polish_ci NOT NULL,
  `id_destination` int(11) DEFAULT NULL,
  `godz_roz` time DEFAULT NULL,
  `godz_zak` time DEFAULT NULL
) ENGINE=InnoDB DEFAULT CHARSET=utf8 COLLATE=utf8_polish_ci;

--
-- Zrzut danych tabeli `timetable_course`
--

INSERT INTO `timetable_course` (`id`, `id_timetable`, `nr_kursu`, `nr_linii`, `id_destination`, `godz_roz`, `godz_zak`) VALUES
(26, 15, 1, '17', 27, '04:46:00', '05:07:00'),
(27, 15, 2, '17', 76, '05:12:00', '05:48:00'),
(28, 15, 3, '17', 77, '05:54:00', '06:30:00'),
(29, 15, 4, '20', 81, '06:45:00', '07:32:00'),
(30, 15, 5, '20', 80, '07:41:00', '08:28:00'),
(31, 15, 6, '20', 81, '08:45:00', '09:32:00'),
(32, 15, 7, '20', 80, '09:41:00', '10:28:00'),
(33, 15, 8, '20', 81, '10:45:00', '11:32:00'),
(34, 15, 9, '20', 80, '11:41:00', '12:28:00'),
(35, 15, 10, '20', 81, '12:45:00', '13:32:00'),
(36, 15, 11, '20', 80, '13:41:00', '14:28:00'),
(37, 15, 12, '20', 81, '14:45:00', '15:32:00'),
(38, 15, 13, '20', 80, '15:41:00', '16:28:00'),
(39, 15, 14, '20', 81, '16:45:00', '17:32:00'),
(40, 15, 15, '20', 80, '17:41:00', '18:28:00'),
(41, 15, 16, '20', 81, '18:45:00', '19:32:00'),
(42, 15, 17, '20', 80, '19:41:00', '20:28:00'),
(43, 15, 18, '20', 81, '20:35:00', '21:22:00'),
(44, 15, 19, '20', 80, '21:29:00', '22:16:00'),
(45, 15, 20, '17', 76, '22:19:00', '22:55:00'),
(46, 15, 21, '17', 77, '22:59:00', '23:35:00'),
(47, 15, 22, '17', 76, '23:45:00', '00:21:00'),
(48, 15, 23, '17', 77, '00:24:00', '01:00:00'),
(49, 15, 24, '17', 45, '01:01:00', '01:22:00'),
(74, 17, 1, '20', 24, '04:25:00', '04:42:00'),
(75, 17, 2, '20', 80, '04:47:00', '05:34:00'),
(76, 17, 3, '20', 81, '05:38:00', '06:25:00'),
(77, 17, 4, '20', 80, '06:42:00', '07:29:00'),
(78, 17, 5, '17', 76, '07:32:00', '08:08:00'),
(79, 17, 6, '17', 77, '08:13:00', '08:49:00'),
(80, 17, 7, '17', 76, '09:12:00', '09:48:00'),
(81, 17, 8, '17', 77, '09:54:00', '10:30:00'),
(82, 17, 9, '17', 76, '11:12:00', '11:48:00'),
(83, 17, 10, '17', 77, '11:54:00', '12:30:00'),
(84, 17, 11, '17', 76, '13:12:00', '13:48:00'),
(85, 17, 12, '17', 77, '13:54:00', '14:30:00'),
(86, 17, 13, '17', 76, '15:12:00', '15:48:00'),
(87, 17, 14, '17', 77, '15:54:00', '16:30:00'),
(88, 17, 15, '17', 76, '17:12:00', '17:48:00'),
(89, 17, 16, '17', 77, '17:54:00', '18:30:00'),
(90, 17, 17, '17', 76, '19:12:00', '19:48:00'),
(91, 17, 18, '17', 77, '19:54:00', '20:30:00'),
(92, 17, 19, '17', 76, '21:12:00', '21:48:00'),
(93, 17, 20, '17', 77, '21:54:00', '22:30:00'),
(94, 17, 21, '20', 81, '22:35:00', '23:22:00'),
(95, 17, 22, '20', 41, '23:28:00', '23:45:00'),
(96, 18, 1, '17', 32, '04:49:00', '04:58:00'),
(97, 18, 2, '17', 77, '05:00:00', '05:36:00'),
(98, 18, 3, '17', 76, '05:58:00', '06:34:00'),
(99, 18, 4, '17', 77, '06:39:00', '07:15:00'),
(100, 18, 5, '20', 81, '07:41:00', '08:28:00'),
(101, 18, 6, '20', 80, '08:42:00', '09:29:00'),
(102, 18, 7, '20', 81, '09:45:00', '10:32:00'),
(103, 18, 8, '20', 80, '10:41:00', '11:28:00'),
(104, 18, 9, '20', 81, '11:45:00', '12:32:00'),
(105, 18, 10, '20', 80, '12:41:00', '13:28:00'),
(106, 18, 11, '20', 81, '13:45:00', '14:32:00'),
(107, 18, 12, '20', 80, '14:41:00', '15:28:00'),
(108, 18, 13, '20', 81, '15:45:00', '16:32:00'),
(109, 18, 14, '20', 80, '16:41:00', '17:28:00'),
(110, 18, 15, '20', 81, '17:45:00', '18:32:00'),
(111, 18, 16, '20', 80, '18:41:00', '19:28:00'),
(112, 18, 17, '20', 81, '19:45:00', '20:32:00'),
(113, 18, 18, '20', 80, '20:41:00', '21:28:00'),
(114, 18, 19, '20', 81, '21:35:00', '22:22:00'),
(115, 18, 20, '20', 80, '22:29:00', '23:16:00'),
(116, 18, 21, '20', 45, '23:20:00', '23:41:00'),
(135, 19, 1, '20', 27, '04:23:00', '04:44:00'),
(136, 19, 2, '20', 81, '04:48:00', '05:35:00'),
(137, 19, 3, '20', 80, '05:43:00', '06:30:00'),
(138, 19, 4, '17', 76, '06:42:00', '07:18:00'),
(139, 19, 5, '17', 77, '07:26:00', '08:02:00'),
(140, 19, 6, '17', 76, '08:22:00', '08:58:00'),
(141, 19, 7, '17', 77, '09:05:00', '09:41:00'),
(142, 19, 8, '17', 76, '10:12:00', '10:48:00'),
(143, 19, 9, '17', 77, '10:54:00', '11:30:00'),
(144, 19, 10, '17', 76, '12:12:00', '12:48:00'),
(145, 19, 11, '17', 77, '12:54:00', '13:30:00'),
(146, 19, 12, '17', 76, '14:12:00', '14:48:00'),
(147, 19, 13, '17', 77, '14:54:00', '15:30:00'),
(148, 19, 14, '17', 76, '16:12:00', '16:48:00'),
(149, 19, 15, '17', 77, '16:54:00', '17:30:00'),
(150, 19, 16, '17', 76, '18:12:00', '18:48:00'),
(151, 19, 17, '17', 77, '18:54:00', '19:30:00'),
(152, 19, 18, '17', 76, '20:12:00', '20:48:00'),
(153, 19, 19, '17', 77, '20:54:00', '21:30:00'),
(154, 19, 20, '17', 45, '21:42:00', '22:03:00'),
(210, 27, 1, 'ZT2', 162, '04:51:00', '05:00:00'),
(211, 27, 2, 'ZT2', 186, '05:00:00', '05:08:00'),
(212, 27, 3, 'ZT2', 187, '05:30:00', '05:38:00'),
(213, 27, 4, 'ZT2', 186, '06:00:00', '06:08:00'),
(214, 27, 5, 'ZT2', 187, '06:38:00', '06:46:00'),
(215, 27, 6, 'ZT2', 186, '07:00:00', '07:08:00'),
(216, 27, 7, 'ZT2', 187, '07:30:00', '07:38:00'),
(217, 27, 8, 'ZT2', 186, '08:00:00', '08:08:00'),
(218, 27, 9, 'ZT2', 187, '08:30:00', '08:38:00'),
(219, 27, 10, 'ZT2', 186, '09:00:00', '09:08:00'),
(220, 27, 11, 'ZT2', 187, '09:30:00', '09:38:00'),
(221, 27, 12, 'ZT2', 186, '10:00:00', '10:08:00'),
(222, 27, 13, 'ZT2', 187, '10:30:00', '10:38:00'),
(223, 27, 14, 'ZT2', 186, '11:00:00', '11:08:00'),
(224, 27, 15, 'ZT2', 187, '11:30:00', '11:38:00'),
(225, 27, 16, 'ZT2', 186, '12:00:00', '12:08:00'),
(226, 27, 17, 'ZT2', 187, '12:30:00', '12:38:00'),
(227, 27, 18, 'ZT2', 186, '13:00:00', '13:08:00'),
(228, 27, 19, 'ZT2', 187, '13:30:00', '13:38:00'),
(229, 27, 20, 'ZT2', 186, '14:00:00', '14:08:00'),
(230, 27, 21, 'ZT2', 187, '14:30:00', '14:38:00'),
(231, 27, 22, 'ZT2', 186, '15:00:00', '15:08:00'),
(232, 27, 23, 'ZT2', 187, '15:30:00', '15:38:00'),
(233, 27, 24, 'ZT2', 186, '16:00:00', '16:08:00'),
(234, 27, 25, 'ZT2', 187, '16:30:00', '16:38:00'),
(235, 27, 26, 'ZT2', 186, '17:00:00', '17:08:00'),
(236, 27, 27, 'ZT2', 187, '17:30:00', '17:38:00'),
(237, 27, 28, 'ZT2', 186, '18:00:00', '18:08:00'),
(238, 27, 29, 'ZT2', 187, '18:30:00', '18:38:00'),
(239, 27, 30, 'ZT2', 186, '19:00:00', '19:08:00'),
(240, 27, 31, 'ZT2', 187, '19:30:00', '19:38:00'),
(241, 27, 32, 'ZT2', 186, '20:00:00', '20:08:00'),
(242, 27, 33, 'ZT2', 187, '20:30:00', '20:38:00'),
(243, 27, 34, 'ZT2', 186, '21:00:00', '21:08:00'),
(244, 27, 35, 'ZT2', 187, '21:30:00', '21:38:00'),
(245, 27, 36, 'ZT2', 173, '21:40:00', '21:49:00'),
(261, 34, 1, '04', 162, '23:21:00', '23:30:00'),
(262, 34, 2, '04', 215, '23:30:00', '23:45:00'),
(263, 34, 3, '04', 216, '00:15:00', '00:30:00'),
(264, 34, 4, '04', 173, '00:30:00', '00:39:00'),
(265, 34, 5, '04', 162, '05:21:00', '05:30:00'),
(266, 34, 6, '04', 215, '05:30:00', '05:45:00'),
(267, 34, 7, '04', 216, '06:15:00', '06:30:00'),
(268, 34, 8, '04', 173, '06:30:00', '06:39:00'),
(269, 35, 1, '04', 169, '20:24:00', '20:30:00'),
(270, 35, 2, '04', 217, '20:30:00', '20:50:00'),
(271, 35, 3, '04', 218, '21:30:00', '21:50:00'),
(272, 35, 4, '04', 217, '22:30:00', '22:50:00'),
(273, 35, 5, '04', 218, '23:30:00', '23:50:00'),
(274, 35, 6, '04', 217, '00:30:00', '00:50:00'),
(275, 35, 7, '04', 218, '01:30:00', '01:50:00'),
(276, 35, 8, '04', 217, '02:30:00', '02:50:00'),
(277, 35, 9, '04', 218, '03:30:00', '03:50:00'),
(278, 35, 10, '04', 217, '04:30:00', '04:50:00'),
(279, 35, 11, '04', 218, '05:30:00', '05:50:00'),
(280, 35, 12, '04', 217, '06:30:00', '06:50:00'),
(281, 35, 13, '04', 181, '07:00:00', '07:19:00'),
(282, 36, 1, '06', 169, '21:10:00', '21:16:00'),
(283, 36, 2, '06', 220, '21:30:00', '21:45:00'),
(284, 36, 3, '06', 219, '22:30:00', '22:44:00'),
(285, 36, 4, '06', 220, '23:30:00', '23:45:00'),
(286, 36, 5, '06', 219, '00:30:00', '00:44:00'),
(287, 36, 6, '06', 220, '01:30:00', '01:45:00'),
(288, 36, 7, '06', 219, '02:30:00', '02:44:00'),
(289, 36, 8, '06', 220, '03:30:00', '03:45:00'),
(290, 36, 9, '06', 219, '04:30:00', '04:44:00'),
(291, 36, 10, '06', 220, '05:30:00', '05:45:00'),
(292, 36, 11, '06', 219, '06:30:00', '06:44:00'),
(293, 36, 12, '06', 180, '06:50:00', '06:56:00'),
(294, 37, 1, 'Z13', 22, '05:02:00', '05:20:00'),
(295, 37, 2, 'Z13', 68, '05:24:00', '05:47:00'),
(296, 37, 3, 'Z13', 69, '05:53:00', '06:16:00'),
(297, 37, 4, '23', 86, '06:18:00', '06:45:00'),
(298, 37, 5, '23', 87, '06:52:00', '07:19:00'),
(299, 37, 6, 'Z13', 68, '07:24:00', '07:47:00'),
(300, 37, 7, 'Z13', 69, '07:53:00', '08:16:00'),
(301, 37, 8, '23', 86, '08:18:00', '08:45:00'),
(302, 37, 9, '23', 87, '08:52:00', '09:19:00'),
(303, 37, 10, 'Z13', 68, '09:24:00', '09:47:00'),
(304, 37, 11, 'Z13', 69, '09:53:00', '10:16:00'),
(305, 37, 12, 'Z13', 68, '10:54:00', '11:17:00'),
(306, 37, 13, 'Z13', 69, '11:23:00', '11:46:00'),
(307, 37, 14, 'Z13', 40, '11:58:00', '12:16:00'),
(308, 38, 1, '23', 22, '13:24:00', '13:42:00'),
(309, 38, 2, '23', 86, '13:48:00', '14:15:00'),
(310, 38, 3, '23', 87, '14:22:00', '14:49:00'),
(311, 38, 4, 'Z13', 68, '14:54:00', '15:17:00'),
(312, 38, 5, 'Z13', 69, '15:23:00', '15:46:00'),
(313, 38, 6, '23', 86, '15:48:00', '16:15:00'),
(314, 38, 7, '23', 87, '16:22:00', '16:49:00'),
(315, 38, 8, 'Z13', 68, '16:54:00', '17:17:00'),
(316, 38, 9, 'Z13', 69, '17:23:00', '17:46:00'),
(317, 38, 10, '23', 86, '17:48:00', '18:15:00'),
(318, 38, 11, '23', 87, '18:22:00', '18:49:00'),
(319, 38, 12, '23', 86, '19:04:00', '19:31:00'),
(320, 38, 13, '23', 87, '19:38:00', '20:05:00'),
(321, 38, 14, '23', 86, '20:08:00', '20:35:00'),
(322, 38, 15, '23', 87, '20:44:00', '21:11:00'),
(323, 38, 16, '23', 40, '21:18:00', '21:36:00'),
(324, 39, 1, 'z13', 22, '04:32:00', '04:50:00'),
(325, 39, 2, 'z13', 68, '04:54:00', '05:17:00'),
(326, 39, 3, 'z13', 69, '05:23:00', '05:46:00'),
(327, 39, 4, '23', 86, '05:48:00', '06:15:00'),
(328, 39, 5, '23', 87, '06:22:00', '06:49:00'),
(329, 39, 6, 'z13', 68, '06:54:00', '07:17:00'),
(330, 39, 7, 'z13', 69, '07:23:00', '07:46:00'),
(331, 39, 8, '23', 86, '07:48:00', '08:15:00'),
(332, 39, 9, '23', 87, '08:22:00', '08:49:00'),
(333, 39, 10, 'z13', 68, '08:54:00', '09:17:00'),
(334, 39, 11, 'z13', 69, '09:23:00', '09:46:00'),
(335, 39, 12, '23', 86, '10:18:00', '10:45:00'),
(336, 39, 13, '23', 87, '10:52:00', '11:19:00'),
(337, 39, 14, 'z13', 68, '11:24:00', '11:47:00'),
(338, 39, 15, 'z13', 69, '11:53:00', '12:16:00'),
(339, 39, 16, '23', 86, '12:18:00', '12:45:00'),
(340, 39, 17, '23', 87, '12:52:00', '13:19:00'),
(341, 39, 18, 'Z13', 68, '13:24:00', '13:47:00'),
(342, 39, 19, 'Z13', 69, '13:53:00', '14:16:00'),
(343, 39, 20, '23', 86, '14:18:00', '14:45:00'),
(344, 39, 21, '23', 87, '14:52:00', '15:19:00'),
(345, 39, 22, 'Z13', 68, '15:24:00', '15:47:00'),
(346, 39, 23, 'Z13', 69, '15:53:00', '16:16:00'),
(347, 39, 24, '23', 86, '16:18:00', '16:45:00'),
(348, 39, 25, '23', 87, '16:52:00', '17:19:00'),
(349, 39, 26, 'Z13', 68, '17:24:00', '17:47:00'),
(350, 39, 27, 'Z13', 69, '17:53:00', '18:16:00'),
(351, 39, 28, '23', 86, '18:18:00', '18:45:00'),
(352, 39, 29, '23', 87, '18:52:00', '19:19:00'),
(353, 39, 30, 'Z13', 68, '19:24:00', '19:47:00'),
(354, 39, 31, 'Z13', 69, '19:53:00', '20:16:00'),
(355, 39, 32, '23', 86, '20:48:00', '21:15:00'),
(356, 39, 33, '23', 87, '21:22:00', '21:49:00'),
(357, 39, 34, 'Z13', 68, '21:54:00', '22:17:00'),
(358, 39, 35, 'Z13', 69, '22:23:00', '22:46:00'),
(359, 39, 36, '23', 86, '22:48:00', '23:15:00'),
(360, 39, 37, '23', 49, '23:22:00', '23:31:00'),
(361, 40, 1, '23', 22, '04:22:00', '04:40:00'),
(362, 40, 2, '23', 86, '04:48:00', '05:15:00'),
(363, 40, 3, '23', 87, '05:22:00', '05:49:00'),
(364, 40, 4, 'z13', 68, '05:54:00', '06:17:00'),
(365, 40, 5, 'z13', 69, '06:23:00', '06:46:00'),
(366, 40, 6, '23', 86, '06:48:00', '07:15:00'),
(367, 40, 7, '23', 87, '07:22:00', '07:49:00'),
(368, 40, 8, 'z13', 68, '07:54:00', '08:17:00'),
(369, 40, 9, 'z13', 69, '08:23:00', '08:46:00'),
(370, 40, 10, '23', 86, '08:48:00', '09:15:00'),
(371, 40, 11, '23', 87, '09:22:00', '09:49:00'),
(372, 40, 12, 'z13', 68, '09:54:00', '10:17:00'),
(373, 40, 13, 'z13', 69, '10:23:00', '10:46:00'),
(374, 40, 14, '23', 86, '11:18:00', '11:45:00'),
(375, 40, 15, '23', 87, '11:52:00', '12:19:00'),
(376, 40, 16, 'z13', 68, '12:24:00', '12:47:00'),
(377, 40, 17, 'z13', 69, '12:53:00', '13:16:00'),
(378, 40, 18, '23', 86, '13:18:00', '13:45:00'),
(379, 40, 19, '23', 87, '13:52:00', '14:19:00'),
(380, 40, 20, 'z13', 68, '14:24:00', '14:47:00'),
(381, 40, 21, 'z13', 69, '14:53:00', '15:16:00'),
(382, 40, 22, '23', 86, '15:18:00', '15:45:00'),
(383, 40, 23, '23', 87, '15:52:00', '16:19:00'),
(384, 40, 24, 'z13', 68, '16:24:00', '16:47:00'),
(385, 40, 25, 'z13', 69, '16:53:00', '17:16:00'),
(386, 40, 26, '23', 86, '17:18:00', '17:45:00'),
(387, 40, 27, '23', 87, '17:52:00', '18:19:00'),
(388, 40, 28, 'z13', 68, '18:24:00', '18:47:00'),
(389, 40, 29, 'z13', 69, '18:53:00', '19:16:00'),
(390, 40, 30, '23', 86, '19:18:00', '19:45:00'),
(391, 40, 31, '23', 87, '19:52:00', '20:19:00'),
(392, 40, 32, 'z13', 68, '20:24:00', '20:47:00'),
(393, 40, 33, 'z13', 69, '20:53:00', '21:16:00'),
(394, 40, 34, '23', 86, '21:48:00', '22:15:00'),
(395, 40, 35, '23', 87, '22:22:00', '22:49:00'),
(396, 40, 36, 'z13', 68, '22:54:00', '23:17:00'),
(397, 40, 37, 'z13', 69, '22:23:00', '22:46:00'),
(398, 40, 38, 'z13', 40, '23:50:00', '24:08:00'),
(399, 41, 1, 'IKEA', 162, '09:31:00', '09:40:00'),
(400, 41, 2, 'IKEA', 213, '09:40:00', '10:04:00'),
(401, 41, 3, 'IKEA', 214, '13:00:00', '13:24:00'),
(402, 41, 4, 'IKEA', 213, '16:00:00', '16:24:00'),
(403, 41, 5, 'IKEA', 214, '19:00:00', '19:24:00'),
(404, 41, 6, 'IKEA', 173, '19:30:00', '19:39:00'),
(405, 42, 1, '23', 22, '04:52:00', '05:10:00'),
(406, 42, 2, '23', 86, '05:18:00', '05:45:00'),
(407, 42, 3, '23', 87, '05:52:00', '06:19:00'),
(408, 42, 4, 'Z13', 68, '06:24:00', '06:47:00'),
(409, 42, 5, 'Z13', 69, '06:53:00', '07:16:00'),
(410, 42, 6, '23', 86, '07:18:00', '07:45:00'),
(411, 42, 7, '23', 87, '07:52:00', '08:19:00'),
(412, 42, 8, 'Z13', 68, '08:24:00', '08:47:00'),
(413, 42, 9, 'Z13', 69, '08:53:00', '09:16:00'),
(414, 42, 10, '23', 86, '09:18:00', '09:45:00'),
(415, 42, 11, '23', 87, '09:52:00', '10:19:00'),
(416, 42, 12, 'Z13', 68, '10:24:00', '10:47:00'),
(417, 42, 13, 'Z13', 69, '10:53:00', '11:16:00'),
(418, 42, 14, 'Z13', 68, '11:54:00', '12:17:00'),
(419, 42, 15, 'Z13', 69, '12:23:00', '12:46:00'),
(420, 42, 16, 'Z13', 68, '12:54:00', '13:17:00'),
(421, 42, 17, 'Z13', 69, '13:23:00', '13:46:00'),
(422, 42, 18, 'Z13', 68, '13:54:00', '14:17:00'),
(423, 42, 19, 'Z13', 69, '14:23:00', '14:46:00'),
(424, 42, 20, '23', 86, '14:48:00', '15:15:00'),
(425, 42, 21, '23', 87, '15:22:00', '15:49:00'),
(426, 42, 22, 'Z13', 68, '15:54:00', '16:17:00'),
(427, 42, 23, 'Z13', 69, '16:23:00', '16:46:00'),
(428, 42, 24, '23', 86, '16:48:00', '17:15:00'),
(429, 42, 25, '23', 87, '17:22:00', '17:49:00'),
(430, 42, 26, 'Z13', 68, '17:54:00', '18:17:00'),
(431, 42, 27, 'Z13', 69, '18:23:00', '18:46:00'),
(432, 42, 28, 'Z13', 68, '18:54:00', '19:17:00'),
(433, 42, 29, 'Z13', 69, '19:23:00', '19:46:00'),
(434, 42, 30, 'Z13', 68, '19:54:00', '20:17:00'),
(435, 42, 31, 'Z13', 69, '20:23:00', '20:46:00'),
(436, 42, 32, 'Z13', 68, '21:24:00', '21:47:00'),
(437, 42, 33, 'Z13', 69, '21:53:00', '22:16:00'),
(438, 42, 34, 'Z13', 68, '22:24:00', '22:47:00'),
(439, 42, 35, 'Z13', 69, '22:53:00', '23:16:00'),
(440, 42, 36, 'Z13', 40, '23:18:00', '23:36:00'),
(441, 43, 1, '21', 35, '04:00:00', '04:41:00'),
(442, 43, 2, '21', 82, '04:48:00', '05:37:00'),
(443, 43, 3, '21', 83, '05:51:00', '06:40:00'),
(444, 43, 4, '21', 52, '06:48:00', '07:29:00'),
(445, 44, 1, '21', 35, '12:00:00', '12:41:00'),
(446, 44, 2, '21', 82, '12:48:00', '13:37:00'),
(447, 44, 3, '21', 83, '13:51:00', '14:40:00'),
(448, 44, 4, '21', 52, '14:48:00', '15:29:00'),
(453, 46, 1, '202', 172, '04:54:00', '05:00:00'),
(454, 46, 2, '202', 211, '05:00:00', '05:16:00'),
(455, 46, 3, '202', 212, '06:00:00', '06:16:00'),
(456, 46, 4, '202', 208, '07:00:00', '07:09:00'),
(457, 46, 5, '202', 207, '08:00:00', '08:09:00'),
(458, 46, 6, '202', 211, '09:00:00', '09:16:00'),
(459, 46, 7, '202', 212, '10:00:00', '10:16:00'),
(460, 46, 8, '202', 208, '11:00:00', '11:09:00'),
(461, 46, 9, '202', 207, '12:00:00', '12:09:00'),
(462, 46, 10, '202', 211, '13:00:00', '13:16:00'),
(463, 46, 11, '202', 212, '14:00:00', '14:16:00'),
(464, 46, 12, '202', 208, '15:00:00', '15:09:00'),
(465, 46, 13, '202', 207, '16:00:00', '16:09:00'),
(466, 46, 14, '202', 211, '17:00:00', '17:16:00'),
(467, 46, 15, '202', 212, '18:00:00', '18:16:00'),
(468, 46, 16, '202', 208, '19:00:00', '19:09:00'),
(469, 46, 17, '202', 207, '20:00:00', '20:09:00'),
(470, 46, 18, '202', 211, '21:00:00', '21:16:00'),
(471, 46, 19, '202', 212, '22:00:00', '22:16:00'),
(472, 46, 20, '202', 182, '22:20:00', '22:26:00'),
(473, 47, 1, '200', 172, '04:24:00', '04:30:00'),
(474, 47, 2, '200', 208, '04:30:00', '04:39:00'),
(475, 47, 3, '200', 207, '05:30:00', '05:39:00'),
(476, 47, 4, '202', 211, '06:30:00', '06:46:00'),
(477, 47, 5, '202', 212, '07:30:00', '07:46:00'),
(478, 47, 6, '200', 208, '08:30:00', '08:39:00'),
(479, 47, 7, '200', 207, '09:30:00', '09:39:00'),
(480, 47, 8, '200', 182, '09:40:00', '09:46:00'),
(481, 47, 9, '202', 172, '12:24:00', '12:30:00'),
(482, 47, 10, '202', 211, '12:30:00', '12:46:00'),
(483, 47, 11, '202', 212, '13:00:00', '13:16:00'),
(484, 47, 12, '200', 208, '13:30:00', '13:39:00'),
(485, 47, 13, '200', 207, '14:00:00', '14:09:00'),
(486, 47, 14, '202', 211, '14:30:00', '14:46:00'),
(487, 47, 15, '202', 212, '15:00:00', '15:16:00'),
(488, 47, 16, '200', 208, '15:30:00', '15:39:00'),
(489, 47, 17, '200', 207, '16:00:00', '16:09:00'),
(490, 47, 18, '202', 211, '16:30:00', '16:46:00'),
(491, 47, 19, '202', 212, '17:30:00', '17:46:00'),
(492, 47, 20, '200', 208, '18:30:00', '18:39:00'),
(493, 47, 21, '200', 207, '19:30:00', '19:39:00'),
(494, 47, 22, '202', 211, '20:30:00', '20:46:00'),
(495, 47, 23, '202', 212, '21:30:00', '21:46:00'),
(496, 47, 24, '202', 182, '21:50:00', '21:56:00'),
(497, 48, 1, '201', 167, '03:50:00', '04:00:00'),
(498, 48, 2, '201', 209, '04:00:00', '06:07:00'),
(499, 48, 3, '201', 210, '06:30:00', '08:37:00'),
(500, 48, 4, '201', 209, '09:00:00', '11:07:00'),
(501, 48, 5, '201', 210, '11:30:00', '13:37:00'),
(502, 48, 6, '201', 209, '14:00:00', '16:07:00'),
(503, 48, 7, '201', 210, '16:30:00', '18:37:00'),
(504, 48, 8, '201', 209, '19:00:00', '21:07:00'),
(505, 48, 9, '201', 210, '21:30:00', '23:37:00'),
(506, 48, 10, '201', 178, '23:40:00', '23:50:00'),
(507, 49, 1, '201', 167, '05:20:00', '05:30:00'),
(508, 49, 2, '201', 209, '05:30:00', '07:37:00'),
(509, 49, 3, '201', 210, '08:00:00', '10:07:00'),
(510, 49, 4, '201', 209, '10:30:00', '12:37:00'),
(511, 49, 5, '201', 210, '13:00:00', '15:07:00'),
(512, 49, 6, '201', 209, '15:30:00', '17:37:00'),
(513, 49, 7, '201', 210, '18:00:00', '20:07:00'),
(514, 49, 8, '201', 209, '20:30:00', '22:37:00'),
(515, 49, 9, '201', 210, '23:00:00', '25:07:00'),
(516, 49, 10, '201', 178, '01:10:00', '01:20:00'),
(517, 50, 1, '', 167, '06:40:00', '06:50:00'),
(518, 50, 2, '', 209, '06:50:00', '08:57:00'),
(519, 50, 3, '', 210, '09:20:00', '11:27:00'),
(520, 50, 4, '', 209, '11:50:00', '13:57:00'),
(521, 50, 5, '', 210, '14:20:00', '16:27:00'),
(522, 50, 6, '', 209, '16:50:00', '18:57:00'),
(523, 50, 7, '', 210, '19:20:00', '21:27:00'),
(524, 50, 8, '', 209, '21:50:00', '23:57:00'),
(525, 50, 9, '', 210, '00:20:00', '02:27:00'),
(526, 50, 10, '', 178, '02:30:00', '02:40:00'),
(527, 51, 1, '201', 167, '07:50:00', '08:00:00'),
(528, 51, 2, '201', 209, '08:00:00', '10:07:00'),
(529, 51, 3, '201', 210, '10:30:00', '12:37:00'),
(530, 51, 4, '201', 209, '13:00:00', '15:07:00'),
(531, 51, 5, '201', 210, '15:30:00', '17:37:00'),
(532, 51, 6, '201', 209, '18:00:00', '20:07:00'),
(533, 51, 7, '201', 210, '20:30:00', '22:37:00'),
(534, 51, 8, '201', 209, '23:00:00', '25:07:00'),
(535, 51, 9, '201', 210, '01:30:00', '03:37:00'),
(536, 51, 10, '201', 178, '03:40:00', '03:50:00'),
(537, 52, 1, '21', 35, '20:00:00', '20:41:00'),
(538, 52, 2, '21', 82, '20:48:00', '21:37:00'),
(539, 52, 3, '21', 83, '21:51:00', '22:40:00'),
(540, 52, 4, '21', 221, '22:48:00', '23:15:00'),
(541, 52, 5, 'N20', 80, '23:33:00', '00:20:00'),
(542, 52, 6, 'N20', 81, '00:30:00', '01:17:00'),
(543, 52, 7, 'N20', 80, '01:33:00', '02:20:00'),
(544, 52, 8, 'N20', 81, '02:30:00', '03:17:00'),
(545, 52, 9, 'N20', 80, '03:33:00', '04:20:00'),
(546, 52, 10, 'N20', 45, '04:30:00', '04:51:00'),
(547, 53, 1, '21', 36, '20:25:00', '20:46:00'),
(548, 53, 2, '21', 83, '20:51:00', '21:40:00'),
(549, 53, 3, '21', 82, '21:48:00', '22:37:00'),
(550, 53, 4, '21', 225, '22:51:00', '23:14:00'),
(551, 53, 5, 'N16', 75, '23:26:00', '00:05:00'),
(552, 53, 6, 'N16', 74, '00:16:00', '00:55:00'),
(553, 53, 7, 'N16', 75, '01:26:00', '02:05:00'),
(554, 53, 8, 'N16', 74, '02:16:00', '02:55:00'),
(555, 53, 9, 'N16', 75, '03:26:00', '04:05:00'),
(556, 53, 10, 'N16', 47, '04:16:00', '04:33:00'),
(557, 54, 1, '21', 36, '20:45:00', '21:06:00'),
(558, 54, 2, '21', 83, '21:11:00', '22:00:00'),
(559, 54, 3, '21', 82, '22:08:00', '22:57:00'),
(560, 54, 4, '21', 224, '23:11:00', '23:22:00'),
(561, 54, 5, 'N14', 71, '23:50:00', '00:31:00'),
(562, 54, 6, 'N14', 70, '00:40:00', '01:21:00'),
(563, 54, 7, 'N14', 71, '01:50:00', '02:31:00'),
(564, 54, 8, 'N14', 70, '02:40:00', '03:21:00'),
(565, 54, 9, 'N14', 71, '03:50:00', '04:31:00'),
(566, 54, 10, 'N14', 43, '04:40:00', '05:07:00'),
(568, 54, 1, '12', 1, '12:12:00', '12:26:00'),
(569, 56, 1, '12', 1, '12:12:00', '12:26:00'),
(570, 57, 1, 'z13', 22, '23:47:00', '24:05:00'),
(571, 57, 2, 'z13', 68, '00:10:00', '00:33:00'),
(572, 57, 3, 'z13', 69, '00:46:00', '01:09:00'),
(573, 57, 4, 'z13', 68, '02:10:00', '02:33:00'),
(574, 57, 5, 'z13', 69, '02:46:00', '03:09:00'),
(575, 57, 6, 'z13', 68, '04:10:00', '04:33:00'),
(576, 57, 7, 'z13', 69, '04:46:00', '05:09:00'),
(577, 57, 8, 'z13', 40, '05:17:00', '05:35:00');

-- --------------------------------------------------------

--
-- Struktura tabeli dla tabeli `users`
--

CREATE TABLE `users` (
  `id` int(11) NOT NULL,
  `name` mediumtext COLLATE utf8_polish_ci NOT NULL,
  `surname` mediumtext COLLATE utf8_polish_ci NOT NULL,
  `login` mediumtext COLLATE utf8_polish_ci NOT NULL,
  `password` mediumtext COLLATE utf8_polish_ci NOT NULL,
  `e-mail` mediumtext COLLATE utf8_polish_ci NOT NULL,
  `access` int(11) NOT NULL
) ENGINE=InnoDB DEFAULT CHARSET=utf8 COLLATE=utf8_polish_ci;

--
-- Zrzut danych tabeli `users`
--

INSERT INTO `users` (`id`, `name`, `surname`, `login`, `password`, `e-mail`, `access`) VALUES
(1, 'Administrator', '', 'admin', 'admin', '', 1),
(2, 'Imie1', 'Nazwisko1', 'uzytkownik1', 'uzytkownik1', 'przyklad@gmail.com', 2),
(3, 'Imie2', 'Nazwisko2', 'uzytkownik2', 'uzytkownik2', 'przyklad@gmail.com', 3),
(4, 'Imie3', 'Nazwisko3', 'uzytkownik3', 'uzytkownik3', 'przyklad@gmail.com', 4),
(5, 'Imie4', 'Nazwisko4', 'uzytkownik4', 'uzytkownik4', 'przyklad@gmail.com', 5);

-- --------------------------------------------------------

--
-- Struktura tabeli dla tabeli `vehicles`
--

CREATE TABLE `vehicles` (
  `id` int(11) NOT NULL,
  `typ_pojazdu` enum('Tram','Bus','Trol') COLLATE utf8_polish_ci DEFAULT NULL,
  `miasto` int(11) NOT NULL,
  `marka` text COLLATE utf8_polish_ci,
  `model` text COLLATE utf8_polish_ci,
  `uklad_drzwi` text COLLATE utf8_polish_ci,
  `rocznik` text COLLATE utf8_polish_ci,
  `rok_wprowadzenia` text COLLATE utf8_polish_ci,
  `klimatyzacja` enum('TAK','NIE') COLLATE utf8_polish_ci DEFAULT NULL,
  `biletomat` enum('TAK','NIE') COLLATE utf8_polish_ci DEFAULT NULL,
  `niska_podloga` enum('TAK','NIE') COLLATE utf8_polish_ci NOT NULL,
  `numer_tab` int(11) DEFAULT NULL,
  `tablice_rej` text COLLATE utf8_polish_ci,
  `typ_taboru` enum('MIDI','MAXI','MEGA','Wagon','Skład') COLLATE utf8_polish_ci DEFAULT NULL,
  `uwagi` longtext COLLATE utf8_polish_ci,
  `id_workshop` int(11) DEFAULT '0',
  `id_timetable` int(11) DEFAULT '0'
) ENGINE=InnoDB DEFAULT CHARSET=utf8 COLLATE=utf8_polish_ci;

--
-- Zrzut danych tabeli `vehicles`
--

INSERT INTO `vehicles` (`id`, `typ_pojazdu`, `miasto`, `marka`, `model`, `uklad_drzwi`, `rocznik`, `rok_wprowadzenia`, `klimatyzacja`, `biletomat`, `niska_podloga`, `numer_tab`, `tablice_rej`, `typ_taboru`, `uwagi`, `id_workshop`, `id_timetable`) VALUES
(1, 'Bus', 2, 'Autosan', 'H7-20.01', '2 - 1', '2000', '2000', 'NIE', 'TAK', 'NIE', 102, '', 'MIDI', '', 0, 0),
(2, 'Bus', 2, 'MAN', 'NM223', '1 - 2 - 0', '1999', '2014', 'NIE', 'TAK', 'TAK', 104, '', 'MIDI', '', 0, 0),
(3, 'Bus', 2, 'Jelcz', 'M11', '2 - 2 - 2', '1987', '1987', 'NIE', 'TAK', 'NIE', 105, '', 'MIDI', '', 0, 0),
(4, 'Bus', 2, 'Jelcz', 'M11', '2 - 2 - 2', '1987', '1987', 'NIE', 'TAK', 'NIE', 106, '', 'MIDI', '', 0, 0),
(5, 'Bus', 2, 'Jelcz', 'M11', '2 - 2 - 2', '1987', '1987', 'NIE', 'TAK', 'NIE', 107, '', 'MIDI', '', 0, 0),
(6, 'Bus', 2, 'Solaris', 'Urbino 10 III', '1 - 2 - 2', '2017', '2018', 'TAK', 'TAK', 'TAK', 108, '', 'MIDI', 'Z dotacji UE', 0, 0),
(7, 'Bus', 2, 'Solaris', 'Urbino 10 III', '1 - 2 - 2', '2017', '2018', 'TAK', 'TAK', 'TAK', 109, '', 'MIDI', 'Z dotacji UE', 0, 0),
(8, 'Bus', 2, 'Solaris', 'Urbino 8,9 III LE', '1 - 2 - 0', '2019', '2020', 'TAK', 'TAK', 'TAK', 110, '', 'MIDI', 'Z dotacji UE', 0, 0),
(9, 'Bus', 2, 'Solaris', 'Urbino 8,9 III LE', '1 - 2 - 0', '2019', '2020', 'TAK', 'TAK', 'TAK', 111, '', 'MIDI', 'Z dotacji UE', 0, 0),
(10, 'Bus', 2, 'Jelcz', '120M', '2 - 2 - 2', '1994', '1994', 'NIE', 'TAK', 'NIE', 201, '', 'MAXI', '', 0, 0),
(11, 'Bus', 2, 'Jelcz', '120MM/2', '2 - 2 - 2', '2000', '2000', 'NIE', 'TAK', 'NIE', 202, '', 'MAXI', '', 0, 0),
(12, 'Bus', 2, 'Jelcz', '120MM/2', '2 - 2 - 2', '2001', '2001', 'NIE', 'TAK', 'NIE', 203, '', 'MAXI', '', 0, 0),
(13, 'Bus', 2, 'Jelcz', '120MM/2', '2 - 2 - 2', '2001', '2001', 'NIE', 'TAK', 'NIE', 204, '', 'MAXI', '', 0, 0),
(14, 'Bus', 2, 'Jelcz', '120MM/2', '2 - 2 - 2', '2002', '2002', 'NIE', 'TAK', 'NIE', 205, '', 'MAXI', '', 0, 0),
(15, 'Bus', 2, 'Jelcz', '120MM/2', '2 - 2 - 2', '2002', '2003', 'NIE', 'TAK', 'NIE', 206, '', 'MAXI', '', 0, 0),
(16, 'Bus', 2, 'Jelcz', 'M121M', '2 - 2 - 2', '1996', '1996', 'NIE', 'TAK', 'TAK', 207, '', 'MAXI', '', 0, 0),
(17, 'Bus', 2, 'Jelcz', 'M121M', '2 - 2 - 2', '1999', '1999', 'NIE', 'TAK', 'TAK', 208, '', 'MAXI', '', 0, 0),
(18, 'Bus', 2, 'Jelcz', 'M121M', '2 - 2 - 2', '1999', '1999', 'NIE', 'TAK', 'TAK', 209, '', 'MAXI', '', 0, 0),
(19, 'Bus', 2, 'Jelcz', 'M121M', '2 - 2 - 2', '1999', '1999', 'NIE', 'TAK', 'TAK', 210, '', 'MAXI', '', 0, 0),
(20, 'Bus', 2, 'Jelcz', '120M', '2 - 2 - 2', '1992', '1992', 'NIE', 'TAK', 'NIE', 212, '', 'MAXI', '', 0, 0),
(21, 'Bus', 2, 'Jelcz', '120M', '2 - 2 - 2', '1992', '1992', 'NIE', 'TAK', 'NIE', 213, '', 'MAXI', '', 0, 0),
(22, 'Bus', 2, 'Ikarus', '260.04', '2 - 2 - 2', '1988', '1988', 'NIE', 'TAK', 'NIE', 214, '', 'MAXI', '', 0, 0),
(23, 'Bus', 2, 'Ikarus', '260.30A', '2 - 2 - 2', '1996', '1996', 'NIE', 'TAK', 'NIE', 215, '', 'MAXI', '', 0, 0),
(24, 'Bus', 2, 'Ikarus', '260.30A', '2 - 2 - 2', '1996', '1996', 'NIE', 'TAK', 'NIE', 216, '', 'MAXI', '', 0, 0),
(25, 'Bus', 2, 'Mercedes-Benz', 'O405N2', '2 - 2 - 0', '1997', '2008', 'NIE', 'TAK', 'TAK', 217, '', 'MAXI', '', 0, 0),
(26, 'Bus', 2, 'Mercedes-Benz', 'O405N2', '2 - 2 - 2', '1999', '2012', 'NIE', 'TAK', 'TAK', 218, '', 'MAXI', '', 0, 0),
(27, 'Bus', 2, 'MAN', 'NL222', '2 - 2 - 2', '2000', '2000', 'NIE', 'TAK', 'TAK', 219, '', 'MAXI', '', 0, 0),
(28, 'Bus', 2, 'MAN', 'NL222', '2 - 2 - 2', '2000', '2000', 'NIE', 'TAK', 'TAK', 220, '', 'MAXI', '', 0, 0),
(29, 'Bus', 2, 'MAN', 'NL223', '2 - 2 - 2', '2002', '2002', 'NIE', 'TAK', 'TAK', 221, '', 'MAXI', '', 0, 0),
(30, 'Bus', 2, 'MAN', 'NL223', '2 - 2 - 2', '2002', '2002', 'NIE', 'TAK', 'TAK', 222, '', 'MAXI', '', 0, 0),
(31, 'Bus', 2, 'MAN', 'NL223', '2 - 2 - 2', '2002', '2002', 'NIE', 'TAK', 'TAK', 223, '', 'MAXI', '', 0, 0),
(32, 'Bus', 2, 'MAN', 'NL223', '2 - 2 - 2', '2002', '2003', 'NIE', 'TAK', 'TAK', 224, '', 'MAXI', '', 0, 0),
(33, 'Bus', 2, 'MAN', 'NL263', '2 - 2 - 2', '2004', '2013', 'TAK', 'TAK', 'TAK', 225, '', 'MAXI', 'ex. Oslo', 0, 0),
(34, 'Bus', 2, 'MAN', 'NL263', '2 - 2 - 2', '2004', '2013', 'TAK', 'TAK', 'TAK', 226, '', 'MAXI', 'ex. Oslo', 0, 0),
(35, 'Bus', 2, 'MAN', 'NL262', '2 - 2 - 0', '1997', '2010', 'NIE', 'TAK', 'TAK', 228, '', 'MAXI', 'ex. Oslo', 0, 0),
(36, 'Bus', 2, 'MAN', 'NL263', '2 - 2 - 0', '1999', '2016', 'NIE', 'TAK', 'TAK', 229, '', 'MAXI', 'ex. Niemcy', 0, 0),
(37, 'Bus', 2, 'Volvo/Vest', 'B7RLE/Center', '2 - 2 - 1', '2009', '2019', 'TAK', 'NIE', 'TAK', 230, '', 'MAXI', 'ex. Unibuss Oslo', 0, 0),
(38, 'Bus', 2, 'Volvo/Vest', 'B7RLE/Center', '2 - 2 - 1', '2009', '2019', 'TAK', 'NIE', 'TAK', 231, '', 'MAXI', 'ex. Unibuss Oslo', 0, 0),
(39, 'Bus', 2, 'Solaris', 'Urbino 12 II', '2 - 2 - 2', '2004', '2019', 'TAK', 'TAK', 'TAK', 234, '', 'MAXI', 'ex. Winterthur', 0, 0),
(40, 'Bus', 2, 'Volvo', 'B10BLE', '2 - 2 - 1', '1997', '1997', 'NIE', 'TAK', 'TAK', 235, '', 'MAXI', '', 0, 0),
(41, 'Bus', 2, 'Volvo', 'B10BLE', '2 - 2 - 1', '1997', '1997', 'NIE', 'TAK', 'TAK', 236, '', 'MAXI', '', 0, 0),
(42, 'Bus', 2, 'Volvo', 'B10BLE', '2 - 2 - 1', '1997', '1997', 'NIE', 'TAK', 'TAK', 237, '', 'MAXI', '', 0, 0),
(43, 'Bus', 2, 'Solaris', 'Urbino 12 III', '2 - 2 - 2', '2007', '2007', 'NIE', 'TAK', 'TAK', 238, '', 'MAXI', '', 0, 0),
(44, 'Bus', 2, 'Solaris', 'Urbino 12 III', '2 - 2 - 2', '2007', '2007', 'NIE', 'TAK', 'TAK', 239, '', 'MAXI', '', 0, 0),
(45, 'Bus', 2, 'Solaris', 'Urbino 12 III', '2 - 2 - 2', '2007', '2007', 'NIE', 'TAK', 'TAK', 240, '', 'MAXI', '', 0, 0),
(46, 'Bus', 2, 'Solaris', 'Urbino 12 III', '2 - 2 - 2', '2007', '2007', 'NIE', 'TAK', 'TAK', 241, '', 'MAXI', '', 0, 0),
(47, 'Bus', 2, 'Solaris', 'Urbino 12 III', '2 - 2 - 2', '2017', '2017', 'TAK', 'TAK', 'TAK', 242, '', 'MAXI', 'Z dotacji UE', 0, 0),
(48, 'Bus', 2, 'Solaris', 'Urbino 12 III', '2 - 2 - 2', '2017', '2017', 'TAK', 'TAK', 'TAK', 243, '', 'MAXI', 'Z dotacji UE', 0, 0),
(49, 'Bus', 2, 'Solaris', 'Urbino 12 III', '2 - 2 - 2', '2017', '2017', 'TAK', 'TAK', 'TAK', 244, '', 'MAXI', 'Z dotacji UE', 0, 0),
(50, 'Bus', 2, 'Solaris', 'Urbino 12 III', '2 - 2 - 0', '2006', '2019', 'NIE', 'TAK', 'TAK', 245, '', 'MAXI', '', 0, 0),
(51, 'Bus', 2, 'Solaris', 'Urbino 12 III', '2 - 2 - 0', '2006', '2019', 'NIE', 'TAK', 'TAK', 246, '', 'MAXI', '', 0, 0),
(52, 'Bus', 2, 'Solaris', 'Urbino 12 III', '2 - 2 - 0', '2006', '2019', 'NIE', 'TAK', 'TAK', 247, '', 'MAXI', '', 0, 0),
(53, 'Bus', 2, 'Jelcz', 'PR110M', '2 - 2 - 2', '1988', '1988', 'NIE', 'TAK', 'NIE', 251, '', 'MAXI', '', 0, 0),
(54, 'Bus', 2, 'Jelcz', 'PR110M', '2 - 2 - 2', '1988', '1988', 'NIE', 'TAK', 'NIE', 252, '', 'MAXI', '', 0, 0),
(55, 'Bus', 2, 'Jelcz', 'PR110M', '2 - 2 - 2', '1987', '1988', 'NIE', 'TAK', 'NIE', 253, '', 'MAXI', '', 0, 0),
(56, 'Bus', 2, 'Jelcz', 'PR110M', '2 - 2 - 2', '1988', '1988', 'NIE', 'TAK', 'NIE', 254, '', 'MAXI', '', 0, 0),
(57, 'Bus', 2, 'Jelcz', 'PR110M', '2 - 2 - 2', '1987', '1987', 'NIE', 'TAK', 'NIE', 255, '', 'MAXI', '', 0, 0),
(58, 'Bus', 2, 'Jelcz', 'PR110M', '2 - 2 - 2', '1988', '1988', 'NIE', 'TAK', 'NIE', 256, '', 'MAXI', '', 0, 0),
(59, 'Bus', 2, 'Jelcz', 'PR110M', '2 - 2 - 2', '1988', '1988', 'NIE', 'TAK', 'NIE', 257, '', 'MAXI', '', 0, 0),
(60, 'Bus', 2, 'Mercedes-Benz', 'O530', '2 - 2 - 0', '2003', '2019', 'TAK', 'TAK', 'TAK', 261, '', 'MAXI', 'Do przewozów szkolnych', 0, 0),
(61, 'Bus', 2, 'Solaris', 'Urbino 18 III', '2 - 2 - 2 - 2', '2007', '2007', 'NIE', 'TAK', 'TAK', 301, '', 'MEGA', '', 0, 0),
(62, 'Bus', 2, 'Solaris', 'Urbino 18 III', '2 - 2 - 2 - 2', '2007', '2007', 'NIE', 'TAK', 'TAK', 302, '', 'MEGA', '', 0, 0),
(63, 'Bus', 2, 'Solaris', 'Urbino 18 III', '2 - 2 - 2 - 2', '2007', '2007', 'NIE', 'TAK', 'TAK', 303, '', 'MEGA', '', 0, 0),
(64, 'Bus', 2, 'Solaris', 'Urbino 18 III', '2 - 2 - 2 - 2', '2012', '2012', 'TAK', 'TAK', 'TAK', 304, '', 'MEGA', '', 0, 0),
(65, 'Bus', 2, 'Solaris', 'Urbino 18 III', '2 - 2 - 2 - 2', '2012', '2012', 'TAK', 'TAK', 'TAK', 305, '', 'MEGA', '', 0, 0),
(66, 'Bus', 2, 'Solaris', 'Urbino 18 III', '2 - 2 - 2 - 2', '2017', '2017', 'TAK', 'TAK', 'TAK', 306, '', 'MEGA', 'Z dotacji UE', 0, 0),
(67, 'Bus', 2, 'Solaris', 'Urbino 18 III', '2 - 2 - 2 - 0', '2008', '2018', 'TAK', 'TAK', 'TAK', 307, '', 'MEGA', 'ex. BVG Berlin', 0, 0),
(68, 'Bus', 2, 'Solaris', 'Urbino 18 IV', '2 - 2 - 2 - 2', '2019', '2019', 'TAK', 'TAK', 'TAK', 308, '', 'MEGA', 'Z dotacji UE', 0, 0),
(69, 'Bus', 2, 'Solaris', 'Urbino 18 II', '2 - 2 - 2 - 2', '2004', '2020', 'TAK', 'TAK', 'TAK', 309, '', 'MEGA', 'ex. Winterthur', 0, 0),
(70, 'Bus', 2, 'Solaris', 'Urbino 15 III', '2 - 2 - 2', '2017', '2018', 'TAK', 'TAK', 'TAK', 311, '', 'MEGA', 'Z dotacji UE', 0, 0),
(71, 'Bus', 2, 'Solaris', 'Urbino 15 III', '2 - 2 - 2', '2017', '2018', 'TAK', 'TAK', 'TAK', 312, '', 'MEGA', 'Z dotacji UE', 0, 0),
(72, 'Bus', 2, 'Jelcz', 'M181M', '2 - 2 - 2 - 2', '1995', '1996', 'NIE', 'TAK', 'TAK', 316, '', 'MEGA', '', 0, 0),
(73, 'Bus', 2, 'Jelcz', 'M181M', '2 - 2 - 2 - 2', '1997', '1997', 'NIE', 'TAK', 'TAK', 317, '', 'MEGA', '', 0, 0),
(74, 'Bus', 2, 'Jelcz', 'M181M', '2 - 2 - 2 - 2', '1997', '1997', 'NIE', 'TAK', 'TAK', 318, '', 'MEGA', '', 0, 0),
(75, 'Bus', 2, 'MAN', 'NG313', '2 - 2 - 2 - 0', '2001', '2017', 'NIE', 'TAK', 'TAK', 319, '', 'MEGA', 'ex. WSW Wuppertal', 0, 0),
(76, 'Bus', 2, 'MAN', 'NG313', '2 - 2 - 2 - 0', '2001', '2017', 'NIE', 'TAK', 'TAK', 320, '', 'MEGA', 'ex. WSW Wuppertal', 0, 0),
(77, 'Bus', 2, 'Ikarus', '280.26', '2 - 2 - 2 - 2', '1985', '1985', 'NIE', 'TAK', 'NIE', 321, '', 'MEGA', '', 0, 0),
(78, 'Bus', 2, 'Ikarus', '280.26', '2 - 2 - 2 - 2', '1987', '1987', 'NIE', 'TAK', 'NIE', 322, '', 'MEGA', '', 0, 0),
(79, 'Bus', 2, 'Ikarus', '280.26', '2 - 2 - 2 - 2', '1990', '1990', 'NIE', 'TAK', 'NIE', 323, '', 'MEGA', '', 0, 0),
(80, 'Bus', 2, 'Ikarus', '280.26', '2 - 2 - 2 - 2', '1990', '1990', 'NIE', 'TAK', 'NIE', 324, '', 'MEGA', '', 0, 0),
(81, 'Bus', 2, 'Ikarus', '435.05C', '2 - 2 - 2 - 2', '1994', '1995', 'NIE', 'TAK', 'NIE', 325, '', 'MEGA', '', 0, 0),
(82, 'Bus', 2, 'Neoplan', 'N4020', '2 - 2 - 2', '1998', '1998', 'NIE', 'TAK', 'TAK', 327, '', 'MEGA', '', 0, 0),
(83, 'Bus', 2, 'Neoplan', 'N4020', '2 - 2 - 2', '1998', '1998', 'NIE', 'TAK', 'TAK', 328, '', 'MEGA', '', 0, 0),
(84, 'Bus', 2, 'Neoplan', 'N4020', '2 - 2 - 2', '1998', '1998', 'NIE', 'TAK', 'TAK', 329, '', 'MEGA', '', 0, 0),
(85, 'Bus', 2, 'MAN', 'NL313-15', '2 - 2 - 2', '2004', '2008', 'TAK', 'TAK', 'TAK', 331, '', 'MEGA', 'ex. Oslo', 0, 0),
(86, 'Bus', 2, 'MAN', 'NL313-15', '2 - 2 - 2', '2004', '2008', 'TAK', 'TAK', 'TAK', 332, '', 'MEGA', 'ex. Oslo', 0, 0),
(87, 'Bus', 2, 'MAN', 'NL313-15', '2 - 2 - 2', '2004', '2008', 'TAK', 'TAK', 'TAK', 333, '', 'MEGA', 'ex. Oslo', 0, 0),
(88, 'Bus', 2, 'MAN', 'NG312', '2 - 2 - 2 - 2', '1999', '1999', 'TAK', 'TAK', 'TAK', 334, '', 'MEGA', 'Klimatyzacja kierowcy', 0, 0),
(89, 'Bus', 2, 'MAN', 'NG312', '2 - 2 - 2 - 2', '1999', '2000', 'TAK', 'TAK', 'TAK', 335, '', 'MEGA', 'Klimatyzacja kierowcy', 0, 0),
(90, 'Bus', 2, 'Neoplan', 'N4021NF', '2 - 2 - 2 - 0', '1994', '2002', 'NIE', 'TAK', 'TAK', 337, '', 'MEGA', 'ex. Niemcy', 0, 0),
(91, 'Bus', 2, 'MAN', 'NG312', '2 - 2 - 2 - 0', '1995', '2005', 'NIE', 'TAK', 'TAK', 338, '', 'MEGA', 'ex. KEVAG Koblez', 0, 0),
(92, 'Bus', 2, 'MAN', 'NG312', '2 - 2 - 2 - 0', '1995', '2005', 'NIE', 'TAK', 'TAK', 339, '', 'MEGA', 'ex. KEVAG Koblez', 0, 0),
(93, 'Bus', 2, 'Volvo', 'B10MA', '2 - 2 - 2 - 2', '1996', '1996', 'NIE', 'TAK', 'NIE', 341, '', 'MEGA', 'Stały przydział na linie nocne', 0, 0),
(94, 'Tram', 2, 'Konstal', '805Na', '2 - 2 - 2 - 2', '1981', '1981', 'NIE', 'NIE', 'NIE', 1, '', 'Skład', '', 0, 0),
(95, 'Tram', 2, 'Konstal', '805Na', '2 - 2 - 2 - 2', '1981', '1981', 'NIE', 'NIE', 'NIE', 2, '', 'Skład', '', 0, 0),
(96, 'Tram', 2, 'Konstal', '805Na', '2 - 2 - 2 - 2', '1985', '1985', 'NIE', 'NIE', 'NIE', 3, '', 'Skład', '', 0, 0),
(97, 'Tram', 2, 'Konstal', '805Na', '2 - 2 - 2 - 2', '1991', '1991', 'NIE', 'NIE', 'NIE', 4, '', 'Skład', '', 0, 0),
(98, 'Tram', 2, 'Konstal', '805Na', '2 - 2 - 2 - 2', '1982', '1982', 'NIE', 'NIE', 'NIE', 5, '', 'Skład', '', 0, 0),
(99, 'Tram', 2, 'Konstal', '805NaD', '2 - 2 - 2 - 2', '1984', '1984', 'NIE', 'NIE', 'NIE', 6, '', 'Skład', '', 0, 0),
(100, 'Tram', 2, 'Konstal', '805Na', '2 - 2 - 2 - 2', '1992', '1992', 'NIE', 'NIE', 'NIE', 7, '', 'Skład', '', 0, 0),
(101, 'Tram', 2, 'Konstal', '805NaD', '2 - 2 - 2 - 2', '1982', '1982', 'NIE', 'NIE', 'NIE', 8, '', 'Skład', '', 0, 0),
(102, 'Tram', 2, 'Konstal', '805Na', '2 - 2 - 2 - 2', '1984', '1984', 'NIE', 'NIE', 'NIE', 9, '', 'Skład', '', 0, 0),
(103, 'Tram', 2, 'Konstal', '805NaD', '2 - 2 - 2 - 2', '1984', '1984', 'NIE', 'NIE', 'NIE', 10, '', 'Skład', '', 0, 0),
(104, 'Tram', 2, 'Konstal', '805Na', '2 - 2 - 2 - 2', '1986', '1986', 'NIE', 'NIE', 'NIE', 11, '', 'Skład', '', 0, 0),
(105, 'Tram', 2, 'Konstal', '805Na', '2 - 2 - 2 - 2', '1979', '1979', 'NIE', 'NIE', 'NIE', 12, '', 'Skład', 'Przebudowa w 1986 roku na typ Na', 0, 0),
(106, 'Tram', 2, 'Konstal', '805Na', '2 - 2 - 2 - 2', '1979', '1979', 'NIE', 'NIE', 'NIE', 13, '', 'Skład', 'Przebudowa w 1986 roku na typ Na', 0, 0),
(107, 'Tram', 2, 'Konstal', '805Na', '2 - 2 - 2 - 2', '1983', '1983', 'NIE', 'NIE', 'NIE', 14, '', 'Skład', '', 0, 0),
(108, 'Tram', 2, 'Konstal', '805Na', '2 - 2 - 2 - 2', '1983', '1983', 'NIE', 'NIE', 'NIE', 15, '', 'Wagon', '', 0, 0),
(109, 'Tram', 2, 'Konstal', '805Na', '2 - 2 - 2 - 2', '1992', '1992', 'NIE', 'NIE', 'NIE', 16, '', 'Wagon', '', 0, 0),
(110, 'Tram', 2, 'Konstal', '803N', '2 - 1 | 1 - 2', '1973', '1973', 'NIE', 'NIE', 'NIE', 21, '', 'Wagon', 'Wagon z przeznaczeniem na zabytek', 0, 0),
(111, 'Tram', 2, 'Duewag', 'M6S', '1 - 2 | 2 - 2', '1976', '2019', 'NIE', 'NIE', 'NIE', 26, '', 'Wagon', 'ex. MPK Łódź #316', 0, 0),
(112, 'Tram', 2, 'Duewag', 'M6S', '1 - 2 | 2 - 2', '1977', '2019', 'NIE', 'NIE', 'NIE', 27, '', 'Wagon', 'ex. MPK Łódź #328', 0, 0),
(113, 'Tram', 2, 'Duewag', 'M8C', '1 - 2 | 0 | 2 - 2', '1979', '2019', 'NIE', 'NIE', 'NIE', 28, '', 'Wagon', 'ex. Essen #1109', 0, 0),
(114, 'Tram', 2, 'Duewag', 'M8C', '1 - 2 | 0 | 2 - 2', '1979', '2019', 'NIE', 'NIE', 'NIE', 29, '', 'Wagon', 'ex. Essen #1110', 0, 0),
(115, 'Tram', 2, 'Duewag', 'GT8', '2 - 2 | 0 | 2 - 2', '1960', '1992', 'NIE', 'NIE', 'NIE', 31, '', 'Wagon', 'ex.Essen #1801', 0, 0),
(116, 'Tram', 2, 'Duewag', 'GT8', '2 - 2 | 0 | 2 - 2', '1960', '1992', 'NIE', 'NIE', 'NIE', 32, '', 'Wagon', 'ex.Essen #1802', 0, 0),
(117, 'Tram', 2, 'Duewag', 'GT8', '2 - 2 | 0 | 2 - 2', '1960', '1992', 'NIE', 'NIE', 'NIE', 33, '', 'Wagon', 'ex.Essen #1804', 0, 0),
(118, 'Tram', 2, 'Duewag', 'GT8', '2 - 2 | 0 | 2 - 2', '1960', '1992', 'NIE', 'NIE', 'NIE', 34, '', 'Wagon', 'ex.Essen #1806', 0, 0),
(119, 'Tram', 2, 'Duewag', 'GT6', '2 - 2 | 2 - 2', '1962', '2006', 'NIE', 'NIE', 'NIE', 35, '', 'Wagon', 'ex. Gotha #396', 0, 0),
(120, 'Tram', 2, 'Duewag', 'GT6', '2 - 2 | 2 - 2', '1963', '2005', 'NIE', 'NIE', 'NIE', 36, '', 'Wagon', 'ex. Gotha #401', 0, 0),
(121, 'Tram', 2, 'Duewag', 'GT6', '2 - 2 | 2 - 2', '1967', '2006', 'NIE', 'NIE', 'NIE', 37, '', 'Wagon', 'ex. Gotha #443', 0, 0),
(122, 'Tram', 2, 'Duewag', 'GT6', '2 - 2 | 2 - 2', '1963', '2006', 'NIE', 'NIE', 'NIE', 38, '', 'Wagon', 'ex. Gotha #408', 0, 0),
(123, 'Tram', 2, 'Duewag', 'GT6ZR', '2 - 1 | 2 - 1', '1958', '2002', 'NIE', 'NIE', 'NIE', 39, '', 'Wagon', 'ex. Gotha #590', 0, 0),
(124, 'Tram', 2, 'Duewag', 'GT6', '2 - 2 | 2 - 2', '1957', '2019', 'NIE', 'NIE', 'NIE', 40, '', 'Wagon', 'ex. ZTA Wawer', 0, 0),
(125, 'Tram', 2, 'Modertrans', 'Moderus Beta', '2 - 2 | 2 | 2 - 2', '2012', '2012', 'NIE', 'NIE', 'TAK', 45, '', 'Wagon', 'Z dotacji z UE', 0, 0),
(126, 'Tram', 2, 'Modertrans', 'Moderus Beta', '2 - 2 | 2 | 2 - 2', '2012', '2012', 'NIE', 'NIE', 'TAK', 46, '', 'Wagon', 'Z dotacji z UE', 0, 0),
(127, 'Tram', 2, 'Modertrans', 'Moderus Beta', '2 - 2 | 2 | 2 - 2', '2012', '2013', 'NIE', 'NIE', 'TAK', 47, '', 'Wagon', 'Z dotacji z UE', 0, 0),
(128, 'Tram', 2, 'Hunter', 'CFII268G ZR', '1 - 2 | 2 | 2 - 1', '2020', '2020', 'TAK', 'TAK', 'TAK', 51, '', 'Wagon', 'Z dotacji z UE', 0, 0),
(129, 'Tram', 2, 'Hunter', 'CFII268G ZR', '1 - 2 | 2 | 2 - 1', '2020', '2020', 'TAK', 'TAK', 'TAK', 52, '', 'Wagon', 'Z dotacji z UE', 0, 0),
(130, 'Tram', 2, 'Tatra', 'RT6N1', '1 - 2 - 2 | 0 | 2 - 2 - 1', '1997', '1997', 'NIE', 'NIE', 'TAK', 55, '', 'Wagon', '', 0, 0),
(131, 'Tram', 2, 'Tatra', 'RT6N1', '1 - 2 - 2 | 0 | 2 - 2 - 1', '1997', '1997', 'NIE', 'NIE', 'TAK', 56, '', 'Wagon', '', 0, 0),
(132, 'Tram', 2, 'Tatra', 'RT6N1', '1 - 2 - 2 | 0 | 2 - 2 - 1', '1997', '2020', 'NIE', 'NIE', 'TAK', 57, '', 'Wagon', 'ex. Brno #1802', 0, 0),
(133, 'Tram', 2, 'Tatra', 'RT6N1', '1 - 2 - 2 | 0 | 2 - 2 - 1', '1997', '2020', 'NIE', 'NIE', 'TAK', 58, '', 'Wagon', 'ex. Brno #1803', 0, 0),
(134, 'Tram', 2, 'Tatra', 'RT6N1', '1 - 2 - 2 | 0 | 2 - 2 - 1', '1997', '2020', 'NIE', 'NIE', 'TAK', 59, '', 'Wagon', 'ex. Brno #1804', 0, 0),
(135, 'Tram', 3, 'Konstal Chorzów', '5N', '2 - 2', '1960', '-', 'NIE', 'NIE', 'NIE', 68, '', 'Skład', 'Pojazd zabytkowy, skład z #135', 0, 0),
(136, 'Tram', 3, 'Świdnicka Fabryka Wagonów', '5ND1', '2 - 2', '1961', '-', 'NIE', 'NIE', 'NIE', 135, '', 'Skład', 'Pojazd zabytkowy, skład z #68', 0, 0),
(139, 'Tram', 3, 'Konstal Chorzów', '803N', '2 - 2 | 2 - 2', '1972', '2019', 'NIE', 'NIE', 'NIE', 10, '', 'Skład', 'ex. KZK Batorz', 0, 0),
(140, 'Tram', 3, 'Konstal Chorzów', '803N', '2 - 2 | 2 - 2', '1970', '2019', 'NIE', 'NIE', 'NIE', 29, '', 'Skład', 'ex. KZK Batorz', 0, 0),
(141, 'Tram', 3, 'Duewag', 'GT8', '2 - 2 | 0 | 2 - 2', '1960', '2020', 'NIE', 'NIE', 'NIE', 31, '', 'Skład', 'Wypożyczenie do odwołania, MZK Gorzów Wikt.', 0, 0),
(142, 'Tram', 3, 'Konstal Chorzów/MZKA', '805NaMW', '2 - 2 - 2 - 2', '1987', '2019', 'NIE', 'NIE', 'NIE', 33, '', 'Wagon', 'ex. KZK Batorz, modernizacja 2020, wagon SOLO', 0, 0),
(143, 'Tram', 3, 'Duewag', 'GT8', '2 - 2 | 0 | 2 - 2', '1960', '2020', 'NIE', 'NIE', 'NIE', 34, '', 'Skład', 'Wypożyczenie do odwołania, MZK Gorzów Wikt.', 0, 0),
(144, 'Tram', 3, 'Konstal Chorzów/MZKA', '805NaMW', '2 - 2 - 2 - 2', '1982', '2019', 'NIE', 'NIE', 'NIE', 39, '', 'Wagon', 'ex. KZK Batorz, modernizacja 2020, wagon SOLO', 0, 0),
(145, 'Tram', 3, 'Konstal Chorzów/MZKA', '805NaMW', '2 - 2 - 2 - 2', '1992', '2019', 'NIE', 'NIE', 'NIE', 40, '', 'Wagon', 'ex. KZK Batorz, modernizacja 2020, wagon SOLO', 0, 0),
(146, 'Tram', 3, 'Düwag', 'GT6', '2 - 2 | 2 - 2', '1960', '1994', 'NIE', 'NIE', 'NIE', 41, '', 'Skład', 'ex. MPK Łódź, #4041', 0, 0),
(147, 'Tram', 3, 'Düwag', 'GT6', '2 - 2 | 2 - 2', '1960', '1994', 'NIE', 'NIE', 'NIE', 43, '', 'Skład', 'ex. MPK Łódź, #4043', 0, 0),
(148, 'Tram', 3, 'Düwag', 'GT6', '2 - 2 | 2 - 2', '1960', '2002', 'NIE', 'NIE', 'NIE', 44, '', 'Skład', 'ex. Tramwaje Podmiejskie, #44', 0, 0),
(149, 'Tram', 3, 'Düwag', 'GT6', '2 - 2 | 2 - 2', '1957', '2003', 'NIE', 'NIE', 'NIE', 46, '', 'Skład', 'ex. Tramwaje Podmiejskie, #46', 0, 0),
(150, 'Tram', 3, 'Düwag', 'GT6', '2 - 2 | 2 - 2', '1960', '2012', 'NIE', 'NIE', 'NIE', 47, '', 'Skład', 'ex. Tramwaje Podmiejskie, #47', 0, 0),
(151, 'Tram', 3, 'Düwag', 'GT8', '2 - 2 | - | 2 - 2', '1963', '2007', 'NIE', 'NIE', 'NIE', 52, '', 'Skład', 'ex. MKT Łódź, #52', 0, 0),
(152, 'Tram', 3, 'Düwag', 'M8S', '2 - 2 | - | 2 - 1', '1976', '2011', 'NIE', 'NIE', 'NIE', 61, '', 'Skład', 'ex. MKT Łódź, #61', 0, 0),
(153, 'Tram', 3, 'Konstal Chorzów', '105N', '2 - 2 - 2 - 2', '1978', '2020', 'NIE', 'NIE', 'NIE', 66, '', 'Skład', 'ex. ZTA Wawer, skład z 67', 0, 0),
(154, 'Tram', 3, 'Konstal Chorzów', '105N', '2 - 2 - 2 - 2', '1978', '2020', 'NIE', 'NIE', 'NIE', 67, '', 'Skład', 'ex. ZTA Wawer, skład z 66', 0, 0),
(155, 'Tram', 3, 'Konstal Chorzów', '105N', '2 - 2 - 2 - 2', '1978', '2020', 'NIE', 'NIE', 'NIE', 68, '', 'Skład', 'ex. ZTA Wawer, skład z 69', 0, 0),
(156, 'Tram', 3, 'Konstal Chorzów', '105N', '2 - 2 - 2 - 2', '1978', '2020', 'NIE', 'NIE', 'NIE', 69, '', 'Skład', 'ex. ZTA Wawer, skład z 68', 0, 0),
(157, 'Tram', 3, 'Konstal Chorzów', '805N', '2 - 2 - 2 - 2', '1977', '1977', 'NIE', 'NIE', 'NIE', 70, '', 'Wagon', 'wagon SOLO', 0, 0),
(158, 'Tram', 3, 'Lohner', 'GT6', '1 - 2 | 2 - 2', '1966', '2012', 'NIE', 'NIE', 'NIE', 72, '', 'Skład', 'ex. MKT Łódź, #72', 0, 0),
(159, 'Tram', 3, 'Konstal Chorzów', '805Na', '2 - 2 - 2 - 2', '1979', '1979', 'NIE', 'NIE', 'NIE', 73, '', 'Wagon', 'wagon SOLO, wagon po NGI', 0, 0),
(160, 'Tram', 3, 'Düwag', 'GT6ZR', '1 - 2 | 1 - 2', '1962', '2015', 'NIE', 'NIE', 'NIE', 74, '', 'Skład', 'ex. MPK Łódź, #1074, pojazd jednokierunkowy', 0, 0),
(161, 'Tram', 3, 'Düwag', 'GT6ZR', '1 - 2 | 1 - 2', '1963', '2012', 'NIE', 'NIE', 'NIE', 75, '', 'Skład', 'ex. MPK Łódź, #1075, pojazd jednokierunkowy', 0, 0),
(162, 'Tram', 3, 'Konstal Chorzów', '805Na', '2 - 2 - 2 - 2', '1979', '1979', 'NIE', 'NIE', 'NIE', 76, '', 'Wagon', 'wagon SOLO, wagon po NGI', 0, 0),
(163, 'Tram', 3, 'Düwag', 'GT6ZR', '1 - 2 | 1 - 2', '1963', '2014', 'NIE', 'NIE', 'NIE', 77, '', 'Skład', 'ex. MPK Łódź, #1077', 0, 0),
(164, 'Tram', 3, 'Düwag', 'GT6ZR', '1 - 2 | 1 - 2', '1962', '2014', 'NIE', 'NIE', 'NIE', 78, '', 'Skład', 'ex. MPK Łódź, #1078', 0, 0),
(165, 'Tram', 3, 'Konstal Chorzów', '805Na', '2 - 2 - 2 - 2', '1982', '1982', 'NIE', 'NIE', 'NIE', 80, '', 'Wagon', 'wagon SOLO, wagon po NGI', 0, 0),
(166, 'Tram', 3, 'Düwag', 'GT8ZR', '1 - 2 | - | 1 - 2', '1961', '2016', 'NIE', 'NIE', 'NIE', 81, '', 'Skład', 'ex. MPK Łódź, #1081', 0, 0),
(167, 'Tram', 3, 'Konstal Chorzów', '805Na', '2 - 2 - 2 - 2', '1982', '1982', 'NIE', 'NIE', 'NIE', 82, '', 'Skład', 'skład z #87', 0, 0),
(168, 'Tram', 3, 'Konstal Chorzów', '805Na', '2 - 2 - 2 - 2', '1986', '1986', 'NIE', 'NIE', 'NIE', 87, '', 'Skład', 'skład z #82', 0, 0),
(169, 'Tram', 3, 'Düwag', 'GT8ZR', '1 - 2 | - | 1 - 2', '1961', '2016', 'NIE', 'NIE', 'NIE', 84, '', 'Skład', 'ex. MPK Łódź, #1084', 0, 0),
(170, 'Tram', 3, 'Düwag', 'GT8ZR', '1 - 2 | - | 1 - 2', '1961', '2016', 'NIE', 'NIE', 'NIE', 85, '', 'Skład', 'ex. MPK Łódź, #1085', 0, 0),
(171, 'Tram', 3, 'Düwag', 'GT8ZR', '1 - 2 | - | 1 - 2', '1961', '2016', 'NIE', 'NIE', 'NIE', 86, '', 'Skład', 'ex. MPK Łódź, #1086', 0, 0),
(172, 'Tram', 3, 'Konstal Chorzów', '805N', '2 - 2 - 2 - 2', '1977', '1977', 'NIE', 'NIE', 'NIE', 88, '', 'Wagon', 'wagon SOLO', 0, 0),
(173, 'Tram', 3, 'Konstal Chorzów', '805Na', '2 - 2 - 2 - 2', '1986', '1986', 'NIE', 'NIE', 'NIE', 92, '', 'Wagon', 'wagon SOLO', 0, 0),
(174, 'Tram', 3, 'Konstal Chorzów', '805Na', '2 - 2 - 2 - 2', '1986', '1986', 'NIE', 'NIE', 'NIE', 95, '', 'Wagon', 'wagon SOLO, wagon po NGI', 0, 0),
(175, 'Tram', 3, 'Konstal Chorzów/MPK', '805N-EL', '2 - 2 - 2 - 2', '1990', '1990', 'NIE', 'NIE', 'NIE', 98, '', 'Wagon', 'wagon SOLO, wagon po modernizacji w MPK Łódź w 1998', 0, 0),
(176, 'Tram', 3, 'Konstal Chorzów', '805Na', '2 - 2 - 2 - 2', '1990', '1990', 'NIE', 'NIE', 'NIE', 99, '', 'Wagon', 'wagon SOLO, wagon po NGI', 0, 0),
(177, 'Tram', 3, 'Düwag', 'M8C', '2 - 2 | - | 2 - 1', '1979', '2019', 'NIE', 'NIE', 'NIE', 105, '', 'Skład', 'ex. #1105, Ruhrbahn Essen', 0, 0),
(178, 'Tram', 3, 'Düwag', 'M8C', '2 - 2 | - | 2 - 1', '1979', '2019', 'NIE', 'NIE', 'NIE', 106, '', 'Skład', 'ex. #1106, Ruhrbahn Essen', 0, 0),
(179, 'Tram', 3, 'Konstal Chorzów/MPK', '805N-EL', '2 - 2 - 2 - 2', '1989', '2020', 'NIE', 'NIE', 'NIE', 108, '', 'Wagon', 'wagon SOLO, wagon po modernizacji w MPK Łódź w 1999', 0, 0),
(180, 'Tram', 3, 'PESA', '121NaG \"Swing\"', '1 | 2 - 2 | 1', '2016', '2016', 'TAK', 'NIE', 'TAK', 121, '', 'Skład', 'Przeznaczony do obsługi brygad niskopodłogowych (spis).', 0, 0),
(181, 'Tram', 3, 'Düwag', 'GT6', '2 - 2 | 2 - 2', '1962', '2012', 'NIE', 'NIE', 'NIE', 123, '', 'Skład', 'ex. MKT Łódź, #123', 0, 0),
(182, 'Tram', 3, 'Tatra', 'KT4DtM', '2 - 2 | 2 - 2', '1977', '2006', 'NIE', 'NIE', 'NIE', 131, '', 'Skład', 'ex. BVG Berlin', 0, 0),
(183, 'Tram', 3, 'Tatra', 'KT4DtM', '2 - 2 | 2 - 2', '1977', '2006', 'NIE', 'NIE', 'NIE', 132, '', 'Skład', 'ex. BVG Berlin', 0, 0),
(184, 'Tram', 3, 'Tatra', 'KT4DtM', '2 - 2 | 2 - 2', '1977', '2006', 'NIE', 'NIE', 'NIE', 133, '', 'Skład', 'ex. BVG Berlin', 0, 0),
(185, 'Tram', 3, 'Tatra', 'KT4DtM', '2 - 2 | 2 - 2', '1977', '2006', 'NIE', 'NIE', 'NIE', 134, '', 'Skład', 'ex. BVG Berlin', 0, 0),
(186, 'Tram', 3, 'Tatra', 'KT4DtM', '2 - 2 | 2 - 2', '1977', '2006', 'NIE', 'NIE', 'NIE', 135, '', 'Skład', 'ex. BVG Berlin', 0, 0),
(187, 'Tram', 3, 'Düwag', 'GT8', '2 - 2 | - | 2 - 2', '1967', '2014', 'NIE', 'NIE', 'NIE', 149, '', 'Skład', 'ex. MPK Łódź, #149', 0, 0),
(188, 'Tram', 3, 'Hunter Bus&Coach', 'CFL328Gr \"CityFlex Light\"', '1 - 2 | 2 | 2 - 1', '2020', '2020', 'TAK', 'NIE', 'TAK', 170, '', 'Skład', 'Przeznaczony do obsługi brygad niskopodłogowych (spis).', 0, 0),
(189, 'Tram', 3, 'Hunter Bus&Coach', 'CFL328Gr \"CityFlex Light\"', '1 - 2 | 2 | 2 - 1', '2020', '2020', 'TAK', 'NIE', 'TAK', 171, '', 'Skład', 'Przeznaczony do obsługi brygad niskopodłogowych (spis).', 0, 0),
(190, 'Tram', 3, 'Hunter Bus&Coach', 'CFL328Gr \"CityFlex Light\"', '1 - 2 | 2 | 2 - 1', '2020', '2020', 'TAK', 'NIE', 'TAK', 172, '', 'Skład', 'Przeznaczony do obsługi brygad niskopodłogowych (spis).', 0, 0),
(191, 'Tram', 3, 'Hunter Bus&Coach', 'CFL328Gr \"CityFlex Light\"', '1 - 2 | 2 | 2 - 1', '2020', '2020', 'TAK', 'NIE', 'TAK', 173, '', 'Skład', 'Przeznaczony do obsługi brygad niskopodłogowych (spis).', 0, 0),
(192, 'Tram', 3, 'Hunter Bus&Coach', 'CFL246Gr \"CityFlex Light\"', '1 - 2 | 2 - 1', '2020', '2020', 'TAK', 'NIE', 'TAK', 174, '', 'Skład', 'Przeznaczony do obsługi brygad niskopodłogowych (spis).', 0, 0),
(193, 'Tram', 3, 'Hunter Bus&Coach', 'CFL246Gr \"CityFlex Light\"', '1 - 2 | 2 - 1', '2020', '2020', 'TAK', 'NIE', 'TAK', 175, '', 'Skład', 'Przeznaczony do obsługi brygad niskopodłogowych (spis).', 0, 0),
(194, 'Tram', 3, 'Düwag', 'GT8', '2 - 2 | - | 2 - 2', '1974', '2016', 'NIE', 'NIE', 'NIE', 185, '', 'Skład', 'ex. MZK Grudziądz, #85', 0, 0),
(195, 'Tram', 3, 'Modertrans', 'Moderus Beta MF20AC', '2 - 2 | 2 | 2 - 2', '2014', '2014', 'TAK', 'NIE', 'TAK', 201, '', 'Skład', 'Przeznaczony do obsługi brygad niskopodłogowych (spis).', 0, 0),
(196, 'Tram', 3, 'Modertrans', 'Moderus Beta MF20AC', '2 - 2 | 2 | 2 - 2', '2014', '2014', 'TAK', 'NIE', 'TAK', 202, '', 'Skład', 'Przeznaczony do obsługi brygad niskopodłogowych (spis).', 0, 0),
(197, 'Tram', 3, 'Düwag', 'GT6ZR', '1 - 2 | 1 - 2', '1965', '2012', 'NIE', 'NIE', 'NIE', 229, '', 'Skład', 'ex. TE Elbląg, #229', 0, 0),
(198, 'Tram', 3, 'Düwag', 'GT6ZR', '1 - 2 | 1 - 2', '1965', '2004', 'NIE', 'NIE', 'NIE', 232, '', 'Skład', 'ex. TE Elbląg, #232', 0, 0),
(199, 'Tram', 3, 'Düwag', 'GT6ZR', '1 - 2 | 1 - 2', '1965', '2007', 'NIE', 'NIE', 'NIE', 235, '', 'Skład', 'ex. TE Elbląg, #235', 0, 0),
(200, 'Tram', 3, 'Düwag', 'GT6', '2 - 2 | 2 - 2', '1960', '2014', 'NIE', 'NIE', 'NIE', 237, '', 'Skład', 'ex. TE Elbląg, #237', 0, 0),
(201, 'Tram', 3, 'Düwag', 'GT6', '2 - 2 | 2 - 2', '1961', '2008', 'NIE', 'NIE', 'NIE', 241, '', 'Skład', 'ex. TE Elbląg, #241', 0, 0),
(202, 'Tram', 3, 'Düwag', 'GT6', '2 - 2 | 2 - 2', '1961', '2014', 'NIE', 'NIE', 'NIE', 245, '', 'Skład', 'ex. TE Elbląg, #245', 0, 0),
(203, 'Tram', 3, 'Konstal Chorzów', '803N', '2 - 2 | 2 - 2', '1973', '1973', 'NIE', 'NIE', 'NIE', 270, '', 'Skład', 'wagon po NGII', 0, 0),
(204, 'Tram', 3, 'Konstal Chorzów', '803N', '2 - 2 | 2 - 2', '1973', '1973', 'NIE', 'NIE', 'NIE', 271, '', 'Skład', 'wagon po NGII', 0, 0),
(205, 'Tram', 3, 'Konstal Chorzów', '803N', '2 - 2 | 2 - 2', '1973', '1973', 'NIE', 'NIE', 'NIE', 273, '', 'Skład', '', 0, 0),
(206, 'Tram', 3, 'Konstal Chorzów', '803N', '2 - 2 | 2 - 2', '1973', '1973', 'NIE', 'NIE', 'NIE', 275, '', 'Skład', '', 0, 0),
(207, 'Tram', 3, 'Konstal Chorzów', '803N', '2 - 2 | 2 - 2', '1973', '1973', 'NIE', 'NIE', 'NIE', 277, '', 'Skład', 'wagon po NGII', 0, 0),
(208, 'Tram', 3, 'Konstal Chorzów', '803N', '2 - 2 | 2 - 2', '1973', '1973', 'NIE', 'NIE', 'NIE', 278, '', 'Skład', 'wagon po NGII', 0, 0),
(209, 'Tram', 3, 'Konstal Chorzów', '803N', '2 - 2 | 2 - 2', '1973', '1973', 'NIE', 'NIE', 'NIE', 280, '', 'Skład', '', 0, 0),
(210, 'Tram', 3, 'Konstal Chorzów', '803N', '2 - 2 | 2 - 2', '1973', '1973', 'NIE', 'NIE', 'NIE', 283, '', 'Skład', '', 0, 0),
(211, 'Tram', 3, 'Konstal Chorzów', '803N', '2 - 2 | 2 - 2', '1974', '1974', 'NIE', 'NIE', 'NIE', 285, '', 'Skład', 'wagon po NGII', 0, 0),
(212, 'Tram', 3, 'Konstal Chorzów', '803N', '2 - 2 | 2 - 2', '1974', '1974', 'NIE', 'NIE', 'NIE', 290, '', 'Skład', '', 0, 0),
(213, 'Tram', 3, 'Konstal Chorzów', '803N', '2 - 2 | 2 - 2', '1974', '1974', 'NIE', 'NIE', 'NIE', 292, '', 'Skład', 'wagon po NGII', 0, 0),
(214, 'Tram', 3, 'Konstal Chorzów', '803N', '2 - 2 | 2 - 2', '1974', '1974', 'NIE', 'NIE', 'NIE', 293, '', 'Skład', '', 0, 0),
(215, 'Tram', 3, 'Tatra/MZKA', 'RT6N1M', '1 - 2 - 2 | - | 2 - 2 - 1', '1997', '1998', 'NIE', 'NIE', 'TAK', 364, '', 'Skład', 'Przeznaczony do obsługi brygad niskopodłogowych (spis), modernizacja 2018', 0, 0),
(216, 'Tram', 3, 'Tatra', 'RT6N1', '1 - 2 - 2 | - | 2 - 2 - 1', '1997', '1998', 'NIE', 'NIE', 'TAK', 365, '', 'Skład', 'Przeznaczony do obsługi brygad niskopodłogowych (spis).', 0, 0),
(217, 'Tram', 3, 'Hunter Bus&Coach', 'CFII358 \'CityFlex\'', '2 - 2 | - | 2 - 2 | - | 2 - 2', '2019', '2020', 'TAK', 'NIE', 'TAK', 366, '', 'Skład', 'Przeznaczony do obsługi brygad niskopodłogowych (spis), ex. Demo.', 0, 0),
(218, 'Bus', 3, 'WFA', 'SD129', '2 - 2 - 2 - 2', '1982', '1983', 'NIE', 'NIE', 'NIE', 459, '', 'MEGA', '', 0, 0),
(219, 'Bus', 3, 'WFA', '18m niskie', '2 - 2 - 2 - 2', '1999', '1999', 'NIE', 'NIE', 'TAK', 471, '', 'MEGA', '', 0, 0),
(220, 'Bus', 3, 'WFA', '18m niskie', '2 - 2 - 2 - 2', '2000', '2000', 'NIE', 'NIE', 'TAK', 472, '', 'MEGA', '', 1, 0),
(221, 'Bus', 3, 'WFA', '18m niskie', '2 - 2 - 2 - 2', '2000', '2001', 'NIE', 'NIE', 'TAK', 473, '', 'MEGA', '', 0, 0),
(222, 'Bus', 3, 'Volvo', '7000', '2 - 2 - 2', '2000', '2000', 'NIE', 'NIE', 'TAK', 481, '', 'MAXI', '', 0, 0),
(223, 'Bus', 3, 'Volvo', '7000', '2 - 2 - 2', '2000', '2000', 'NIE', 'NIE', 'TAK', 482, '', 'MAXI', '', 0, 0),
(224, 'Bus', 3, 'Volvo', '7000', '2 - 2 - 2', '2000', '2000', 'NIE', 'NIE', 'TAK', 483, '', 'MAXI', '', 0, 0),
(225, 'Bus', 3, 'Volvo', '7000', '2 - 2 - 2', '2000', '2000', 'NIE', 'NIE', 'TAK', 484, '', 'MAXI', '', 0, 0),
(226, 'Bus', 3, 'WFA', 'SD228', '2 - 2 - 2 - 2', '1989', '1989', 'NIE', 'NIE', 'NIE', 491, '', 'MEGA', '', 0, 0),
(227, 'Bus', 3, 'WFA', 'SD228', '2 - 2 - 2 - 2', '1989', '1989', 'NIE', 'NIE', 'NIE', 492, '', 'MEGA', '', 0, 0),
(228, 'Bus', 3, 'WFA', 'SD228', '2 - 2 - 2 - 2', '1989', '1989', 'NIE', 'NIE', 'NIE', 493, '', 'MEGA', '', 0, 0),
(229, 'Bus', 3, 'WFA', 'SD228', '2 - 2 - 2 - 2', '1989', '1990', 'NIE', 'NIE', 'NIE', 494, '', 'MEGA', '', 0, 0),
(230, 'Bus', 3, 'WFA', 'SD228', '2 - 2 - 2 - 2', '1989', '1990', 'NIE', 'NIE', 'NIE', 495, '', 'MEGA', '', 0, 0),
(231, 'Bus', 3, 'WFA', 'SD228', '2 - 2 - 2 - 2', '1989', '1990', 'NIE', 'NIE', 'NIE', 496, '', 'MEGA', '', 0, 0),
(232, 'Bus', 3, 'WFA', 'SD228', '2 - 2 - 2 - 2', '1989', '1990', 'NIE', 'NIE', 'NIE', 497, '', 'MEGA', '', 0, 0),
(233, 'Bus', 3, 'WFA', 'SN218', '2 - 2 - 2', '1989', '1989', 'NIE', 'NIE', 'NIE', 520, '', 'MAXI', '', 0, 0),
(234, 'Bus', 3, 'WFA', 'SN218', '2 - 2 - 2', '1989', '1989', 'NIE', 'NIE', 'NIE', 521, '', 'MAXI', '', 0, 0),
(235, 'Bus', 3, 'MAN', 'NG313', '2 - 2 - 2 - 2', '2000', '2000', 'NIE', 'NIE', 'TAK', 541, '', 'MEGA', '', 0, 0),
(236, 'Bus', 3, 'MAN', 'NG313', '2 - 2 - 2 - 2', '2000', '2000', 'NIE', 'NIE', 'TAK', 542, '', 'MEGA', '', 0, 0),
(237, 'Bus', 3, 'MAN', 'NG313', '2 - 2 - 2 - 2', '2000', '2000', 'NIE', 'NIE', 'TAK', 543, '', 'MEGA', '', 0, 0),
(238, 'Bus', 3, 'WFA', 'SN218', '2 - 2 - 2', '1989', '1990', 'NIE', 'NIE', 'NIE', 585, '', 'MAXI', '', 0, 0),
(239, 'Bus', 3, 'WFA', 'SN218', '2 - 2 - 2', '1989', '1990', 'NIE', 'NIE', 'NIE', 586, '', 'MAXI', '', 0, 0),
(240, 'Bus', 3, 'WFA', 'SN218', '2 - 2 - 2', '1989', '1990', 'NIE', 'NIE', 'NIE', 587, '', 'MAXI', '', 0, 0),
(241, 'Bus', 3, 'WFA', 'SN218', '2 - 2 - 2', '1989', '1990', 'NIE', 'NIE', 'NIE', 588, '', 'MAXI', '', 0, 0),
(242, 'Bus', 3, 'MAN', 'Lion\'s City M', '1 - 2 - 0', '2008', '2019', 'TAK', 'NIE', 'TAK', 612, '', 'MIDI', '', 0, 0),
(243, 'Bus', 3, 'MAN', 'Lion\'s City M', '1 - 2 - 0', '2008', '2019', 'TAK', 'NIE', 'TAK', 613, '', 'MIDI', '', 0, 0),
(244, 'Bus', 3, 'MAN', 'Lion\'s City M', '1 - 2 - 0', '2008', '2019', 'TAK', 'NIE', 'TAK', 614, '', 'MIDI', '', 0, 0),
(245, 'Bus', 3, 'MAN', 'Lion\'s City M', '1 - 2 - 0', '2008', '2019', 'TAK', 'NIE', 'TAK', 615, '', 'MIDI', '', 0, 0),
(246, 'Bus', 3, 'Jelcz', 'M083C \'Libero\'', '1 - 2 - 0', '2006', '2006', 'NIE', 'NIE', 'TAK', 626, '', 'MIDI', '', 0, 0),
(247, 'Bus', 3, 'Jelcz', 'M083C \'Libero\'', '1 - 2 - 0', '2006', '2006', 'NIE', 'NIE', 'TAK', 627, '', 'MIDI', '', 0, 0),
(248, 'Bus', 3, 'Jelcz', 'M083C \'Libero\'', '1 - 2 - 0', '2006', '2006', 'NIE', 'NIE', 'TAK', 628, '', 'MIDI', '', 0, 0),
(249, 'Bus', 3, 'Jelcz', 'M121MB', '2 - 2 - 2', '1995', '1996', 'NIE', 'NIE', 'TAK', 630, '', 'MAXI', '', 0, 0),
(250, 'Bus', 3, 'Jelcz', 'M121MB', '2 - 2 - 2', '1995', '1996', 'NIE', 'NIE', 'TAK', 631, '', 'MAXI', '', 0, 0),
(251, 'Bus', 3, 'Jelcz', 'M121MB', '2 - 2 - 2', '1995', '1996', 'NIE', 'NIE', 'TAK', 633, '', 'MAXI', '', 0, 0),
(252, 'Bus', 3, 'Jelcz', 'M121MB', '2 - 2 - 2', '1995', '1996', 'NIE', 'NIE', 'TAK', 634, '', 'MAXI', '', 0, 0),
(253, 'Bus', 3, 'Jelcz', '120M', '2 - 2 - 2', '1993', '1993', 'NIE', 'NIE', 'NIE', 660, '', 'MAXI', '', 0, 0),
(254, 'Bus', 3, 'Jelcz', '120M', '2 - 2 - 2', '1993', '1993', 'NIE', 'NIE', 'NIE', 661, '', 'MAXI', '', 0, 0),
(255, 'Bus', 3, 'Jelcz', '120M', '2 - 2 - 2', '1993', '1994', 'NIE', 'NIE', 'NIE', 663, '', 'MAXI', '', 0, 0),
(256, 'Bus', 3, 'Jelcz', '120M', '2 - 2 - 2', '1993', '1994', 'NIE', 'NIE', 'NIE', 664, '', 'MAXI', '', 0, 0),
(257, 'Bus', 3, 'Jelcz', '120M', '2 - 2 - 2', '1994', '1994', 'NIE', 'NIE', 'NIE', 665, '', 'MAXI', '', 0, 0),
(258, 'Bus', 3, 'Jelcz', '120M', '2 - 2 - 2', '1994', '1995', 'NIE', 'NIE', 'NIE', 668, '', 'MAXI', '', 0, 0),
(259, 'Bus', 3, 'Jelcz', '120M', '2 - 2 - 2', '1994', '1995', 'NIE', 'NIE', 'NIE', 669, '', 'MAXI', '', 0, 0),
(260, 'Bus', 3, 'Jelcz', '120M', '2 - 2 - 2', '1994', '1995', 'NIE', 'NIE', 'NIE', 671, '', 'MAXI', '', 0, 0),
(261, 'Bus', 3, 'Jelcz', '120M', '2 - 2 - 2', '1994', '1995', 'NIE', 'NIE', 'NIE', 673, '', 'MAXI', '', 0, 0),
(262, 'Bus', 3, 'Jelcz', '120M', '2 - 2 - 2', '1994', '1995', 'NIE', 'NIE', 'NIE', 677, '', 'MAXI', '', 0, 0),
(263, 'Bus', 3, 'Jelcz', '120M', '2 - 2 - 2', '1994', '1995', 'NIE', 'NIE', 'NIE', 678, '', 'MAXI', '', 0, 0),
(264, 'Bus', 3, 'Solaris Bus&Coach', 'Urbino 18 II', '2 - 2 - 2 - 2', '2003', '2003', 'NIE', 'NIE', 'TAK', 679, '', 'MEGA', '', 0, 0),
(265, 'Bus', 3, 'Solaris Bus&Coach', 'Urbino 18 II', '2 - 2 - 2 - 2', '2003', '2003', 'NIE', 'NIE', 'TAK', 680, '', 'MEGA', '', 0, 0),
(266, 'Bus', 3, 'Solaris Bus&Coach', 'Urbino 18 II', '2 - 2 - 2 - 2', '2003', '2003', 'NIE', 'NIE', 'TAK', 681, '', 'MEGA', '', 0, 0),
(267, 'Bus', 3, 'Solaris Bus&Coach', 'Urbino 18 II', '2 - 2 - 2 - 2', '2003', '2003', 'NIE', 'NIE', 'TAK', 682, '', 'MEGA', '', 0, 0),
(268, 'Bus', 3, 'WFA', 'SN122', '2 - 2 - 2', '1982', '1984', 'NIE', 'NIE', 'NIE', 708, '', 'MAXI', '', 0, 0),
(269, 'Bus', 3, 'Volvo', 'B10BLE', '2 - 2 - 2', '1998', '1998', 'NIE', 'NIE', 'TAK', 731, '', 'MAXI', '', 0, 0),
(270, 'Bus', 3, 'Volvo', 'B10BLE', '2 - 2 - 2', '1998', '1998', 'NIE', 'NIE', 'TAK', 732, '', 'MAXI', '', 0, 0),
(271, 'Bus', 3, 'Volvo', 'B10BLE', '2 - 2 - 2', '1998', '1998', 'NIE', 'NIE', 'TAK', 733, '', 'MAXI', '', 0, 0),
(272, 'Bus', 3, 'Volvo', 'B10BLE', '2 - 2 - 2', '1998', '1998', 'NIE', 'NIE', 'TAK', 734, '', 'MAXI', '', 0, 0),
(273, 'Bus', 3, 'MAN', 'NL202', '2 - 2 - 2', '1992', '1992', 'NIE', 'NIE', 'TAK', 771, '', 'MAXI', '', 0, 0),
(274, 'Bus', 3, 'MAN', 'NL202', '2 - 2 - 2', '1992', '1992', 'NIE', 'NIE', 'TAK', 772, '', 'MAXI', '', 0, 0),
(275, 'Bus', 3, 'MAN', 'NL202', '2 - 2 - 2', '1992', '1992', 'NIE', 'NIE', 'TAK', 773, '', 'MAXI', '', 0, 0),
(276, 'Bus', 3, 'MAN', 'NL202', '2 - 2 - 2', '1992', '1992', 'NIE', 'NIE', 'TAK', 774, '', 'MAXI', '', 0, 0),
(277, 'Bus', 3, 'WFA', '12m niskie', '2 - 2 - 2', '2000', '2000', 'NIE', 'NIE', 'TAK', 775, '', 'MAXI', '', 0, 0),
(278, 'Bus', 3, 'WFA', '12m niskie', '2 - 2 - 2', '2000', '2000', 'NIE', 'NIE', 'TAK', 776, '', 'MAXI', '', 0, 0),
(279, 'Bus', 3, 'WFA', '12m niskie', '2 - 2 - 2', '2000', '2000', 'NIE', 'NIE', 'TAK', 777, '', 'MAXI', '', 0, 0),
(280, 'Bus', 3, 'WFA', '12m niskie', '2 - 2 - 2', '2000', '2000', 'NIE', 'NIE', 'TAK', 778, '', 'MAXI', '', 0, 0),
(281, 'Bus', 3, 'Mercedes-Benz', 'Conecto LF E6', '2 - 2 - 2', '2014', '2014', 'TAK', 'NIE', 'TAK', 808, '', 'MAXI', '', 0, 0),
(282, 'Bus', 3, 'Mercedes-Benz', 'Conecto LF E6', '2 - 2 - 2', '2014', '2014', 'TAK', 'NIE', 'TAK', 809, '', 'MAXI', '', 0, 0),
(283, 'Bus', 3, 'Ikarus', '280.70E', '2 - 2 - 2 - 2', '1997', '1997', 'NIE', 'NIE', 'NIE', 851, '', 'MEGA', '', 0, 0),
(284, 'Bus', 3, 'Ikarus', '280.70E', '2 - 2 - 2 - 2', '1997', '1997', 'NIE', 'NIE', 'NIE', 852, '', 'MEGA', '', 0, 0),
(285, 'Bus', 3, 'Ikarus', '280.70E', '2 - 2 - 2 - 2', '1997', '1997', 'NIE', 'NIE', 'NIE', 853, '', 'MEGA', '', 0, 0),
(286, 'Bus', 3, 'Ikarus', '280.70E', '2 - 2 - 2 - 2', '1997', '1997', 'NIE', 'NIE', 'NIE', 854, '', 'MEGA', '', 0, 0),
(287, 'Bus', 3, 'Jelcz', 'M081MB \'Vero\'', '0 - 2 - 2', '2001', '2001', 'NIE', 'NIE', 'TAK', 860, '', 'MIDI', '', 0, 0),
(288, 'Bus', 3, 'Jelcz', 'M081MB \'Vero\'', '0 - 2 - 2', '2001', '2001', 'NIE', 'NIE', 'TAK', 861, '', 'MIDI', '', 0, 0),
(289, 'Bus', 3, 'Jelcz', 'M081MB \'Vero\'', '0 - 2 - 2', '2001', '2001', 'NIE', 'NIE', 'TAK', 862, '', 'MIDI', '', 0, 0),
(290, 'Bus', 3, 'Jelcz', 'M081MB \'Vero\'', '0 - 2 - 2', '2001', '2001', 'NIE', 'NIE', 'TAK', 863, '', 'MIDI', '', 0, 0),
(291, 'Bus', 3, 'Jelcz', 'M081MB \'Vero\'', '0 - 2 - 2', '2001', '2001', 'NIE', 'NIE', 'TAK', 864, '', 'MIDI', '', 0, 0),
(292, 'Bus', 3, 'WFA', 'SN218', '2 - 2 - 2', '1990', '1990', 'NIE', 'NIE', 'NIE', 865, '', 'MAXI', '', 0, 0),
(293, 'Bus', 3, 'WFA', 'SN218', '2 - 2 - 2', '1990', '1990', 'NIE', 'NIE', 'NIE', 866, '', 'MAXI', '', 0, 0),
(294, 'Bus', 3, 'WFA', 'SN218', '2 - 2 - 2', '1990', '1990', 'NIE', 'NIE', 'NIE', 867, '', 'MAXI', '', 0, 0),
(295, 'Bus', 3, 'WFA', 'SN218', '2 - 2 - 2', '1990', '1990', 'NIE', 'NIE', 'NIE', 868, '', 'MAXI', '', 0, 0),
(296, 'Bus', 3, 'Lotus', 'Civitas 12 II LF CNG', '2 - 2 - 2', '2020', '2020', 'TAK', 'NIE', 'TAK', 891, '', 'MAXI', '', 0, 0),
(297, 'Bus', 3, 'Lotus', 'Civitas 12 II LF CNG', '2 - 2 - 2', '2020', '2020', 'TAK', 'NIE', 'TAK', 892, '', 'MAXI', '', 0, 0),
(298, 'Bus', 3, 'Lotus', 'Civitas 12 II LF CNG', '2 - 2 - 2', '2020', '2020', 'TAK', 'NIE', 'TAK', 893, '', 'MAXI', '', 0, 0),
(299, 'Bus', 3, 'Lotus', 'Civitas 12 II LF CNG', '2 - 2 - 2', '2020', '2020', 'TAK', 'NIE', 'TAK', 894, '', 'MAXI', '', 0, 0),
(300, 'Bus', 3, 'Hunter Bus&Coach', 'ModernCity 12 IV LF', '2 - 2 - 2', '2020', '2020', 'TAK', 'NIE', 'TAK', 901, '', 'MAXI', '', 0, 0),
(301, 'Bus', 3, 'Hunter Bus&Coach', 'ModernCity 12 IV LF', '2 - 2 - 2', '2020', '2020', 'TAK', 'NIE', 'TAK', 902, '', 'MAXI', '', 0, 0),
(302, 'Bus', 3, 'Hunter Bus&Coach', 'ModernCity III 15 LF', '2 - 2 - 2', '2017', '2020', 'TAK', 'NIE', 'TAK', 903, '', 'MEGA', '', 0, 0),
(303, 'Bus', 3, 'Hunter Bus&Coach', 'Flamingo 18 II LF', '2 - 2 - 2 - 2', '2019', '2020', 'TAK', 'NIE', 'TAK', 904, '', 'MEGA', '', 0, 0),
(304, 'Bus', 3, 'Hunter Bus&Coach', 'Flamingo 18 II LF', '2 - 2 - 2 - 2', '2019', '2020', 'TAK', 'NIE', 'TAK', 905, '', 'MEGA', '', 0, 0),
(305, 'Bus', 5, 'Jelcz', '120M', '2 - 2 - 2', '1994', '1994', 'NIE', 'NIE', 'NIE', 0, '', 'MAXI', '', 0, 0),
(306, 'Bus', 5, 'Jelcz', '120M', '2 - 2 - 2', '1994', '1994', 'NIE', 'NIE', 'NIE', 1, '', 'MAXI', '', 0, 0),
(307, 'Bus', 5, 'Jelcz', '120M', '2 - 2 - 2', '1995', '1995', 'NIE', 'NIE', 'NIE', 3, '', 'MAXI', '', 0, 0),
(308, 'Bus', 5, 'Jelcz', '120M', '2 - 2 - 2', '1995', '1995', 'NIE', 'NIE', 'NIE', 4, '', 'MAXI', '', 0, 0),
(309, 'Bus', 5, 'Jelcz', '120M', '2 - 2 - 2', '1995', '1995', 'NIE', 'NIE', 'NIE', 5, '', 'MAXI', '', 0, 0),
(310, 'Bus', 5, 'Jelcz', '120M', '2 - 2 - 2', '1995', '1995', 'NIE', 'NIE', 'NIE', 6, '', 'MAXI', '', 0, 0),
(311, 'Bus', 5, 'Jelcz', '120M', '2 - 2 - 2', '1995', '1995', 'NIE', 'NIE', 'NIE', 7, '', 'MAXI', '', 0, 0),
(312, 'Bus', 5, 'Jelcz', '120M', '2 - 2 - 2', '1994', '1994', 'NIE', 'NIE', 'NIE', 8, '', 'MAXI', '', 0, 0),
(313, 'Bus', 5, 'Jelcz', '120M', '2 - 2 - 2', '1994', '1994', 'NIE', 'NIE', 'NIE', 9, '', 'MAXI', '', 0, 0),
(314, 'Bus', 5, 'Jelcz', '120M', '2 - 2 - 2', '1994', '1994', 'NIE', 'NIE', 'NIE', 10, '', 'MAXI', '', 0, 0),
(315, 'Bus', 5, 'Jelcz', 'M121M', '2 - 2 - 2', '1996', '1996', 'NIE', 'NIE', 'TAK', 11, '', 'MAXI', 'Dofinansowany przez stowarzyszenie osób niepełnosprawnych', 0, 0),
(316, 'Bus', 5, 'Jelcz', 'M081MB', '0 - 2 - 2', '2000', '2000', 'NIE', 'NIE', 'TAK', 12, '', 'MIDI', '', 0, 0),
(317, 'Bus', 5, 'Jelcz', 'M081MB', '0 - 2 - 2', '2000', '2000', 'NIE', 'NIE', 'TAK', 13, '', 'MIDI', '', 0, 0),
(318, 'Bus', 5, 'Jelcz', 'M081MB', '0 - 2 - 2', '2000', '2000', 'NIE', 'NIE', 'TAK', 15, '', 'MIDI', '', 0, 0),
(319, 'Bus', 5, 'Autosan', 'H6-20.01', '0 - 2 - 0', '1999', '1999', 'NIE', 'NIE', 'NIE', 16, '', 'MIDI', '', 0, 0),
(320, 'Bus', 5, 'MAN', 'NG312', '2 - 2 - 2 - 2', '1998', '1998', 'NIE', 'NIE', 'TAK', 17, '', 'MEGA', '', 0, 0),
(321, 'Bus', 5, 'MAN', 'NG312', '2 - 2 - 2 - 2', '1998', '1998', 'NIE', 'NIE', 'TAK', 18, '', 'MEGA', '', 0, 0),
(322, 'Bus', 5, 'Solaris', 'Urbino 12 III', '2 - 2 - 2', '2014', '2014', 'TAK', 'TAK', 'TAK', 19, '', 'MAXI', 'Dofinansowanie z UE', 0, 0),
(323, 'Bus', 5, 'Solaris', 'Urbino 12 III', '2 - 2 - 2', '2014', '2014', 'TAK', 'TAK', 'TAK', 20, '', 'MAXI', 'Dofinansowanie z UE', 0, 0),
(324, 'Bus', 5, 'MAN', 'NG312', '2 - 2 - 2 - 2', '1998', '1998', 'NIE', 'NIE', 'TAK', 21, '', 'MEGA', '', 0, 0),
(325, 'Bus', 5, 'Volvo', '7700', '2 - 2 - 2', '2005', '2005', 'TAK', 'NIE', 'TAK', 22, '', 'MAXI', '', 0, 0),
(326, 'Bus', 5, 'MAN', 'Lion\'s City NL283', '2 - 2 - 2', '2006', '2015', 'NIE', 'NIE', 'TAK', 23, '', 'MAXI', 'ex. MZK Toruń #542 po przeróbkach warsztatowych PK', 0, 0),
(327, 'Bus', 5, 'Neoplan', 'N4007', '1 - 2 - 0', '1997', '2019', 'NIE', 'NIE', 'TAK', 24, '', 'MIDI', 'ex. Wawer', 0, 0),
(328, 'Bus', 5, 'Jelcz', 'M083C Libero', '1 - 2 - 0', '2008', '2018', 'TAK', 'NIE', 'TAK', 25, '', 'MIDI', 'ex. Mobilis A190', 0, 0),
(329, 'Bus', 5, 'Jelcz', 'M181MB', '2 - 2 - 2 - 2', '1996', '1996', 'NIE', 'NIE', 'TAK', 26, '', 'MEGA', 'Dofinansowany przez stowarzyszenie osób niepełnosprawnych', 0, 0),
(330, 'Bus', 5, 'Autosan', 'H7-20.01', '0 - 1 - 1', '2000', '2000', 'NIE', 'NIE', 'NIE', 27, '', 'MIDI', 'ex. MZK Gorzów Wiktorowski 101', 0, 0),
(331, 'Bus', 5, 'Autosan', 'H7-20.01', '0 - 1 - 1', '2000', '2001', 'NIE', 'NIE', 'NIE', 28, '', 'MIDI', 'ex. MZK Gorzów Wiktorowski 103', 0, 0),
(332, 'Bus', 5, 'WFA', 'SN122', '2 - 2 - 2', '1982', '2020', 'NIE', 'NIE', 'NIE', 29, '', 'MAXI', 'Ex. #701 MZKA Gorzowska Góra | Przydział na nockę', 0, 0),
(333, 'Bus', 5, 'WFA', 'SN122', '2 - 2 - 2', '1982', '2020', 'NIE', 'NIE', 'NIE', 30, '', 'MAXI', 'Ex. #706 MZKA Gorzowska Góra | Przydział na nockę', 0, 0),
(334, 'Bus', 5, 'Solaris', 'Urbino 12 III', '2 - 2 - 2', '2008', '2020', 'TAK', 'NIE', 'TAK', 31, '', 'MAXI', '', 0, 0),
(335, 'Bus', 5, 'Karsan', 'Jest', '0 - 2 - 0', '2020', '2020', 'TAK', 'NIE', 'TAK', 999, '', 'MIDI', 'Wypożyczony na Za Tramwaj | Prawdopodobne wykupienie', 0, 0),
(336, 'Bus', 5, 'Hunter', 'ModernCity 12 IV LF', '2 - 2 - 2', '2020', '2020', 'TAK', 'NIE', 'TAK', 1001, '', 'MAXI', 'Dofinansowanie z Budżetu Miasta', 0, 0),
(337, 'Bus', 5, 'Lotus', 'Civitas 12 II LF CNG', '2 - 2 - 2', '2020', '2020', 'TAK', 'NIE', 'TAK', 1002, '', 'MAXI', 'Odkupiony od Lotus Bus S.A.', 0, 0),
(338, 'Bus', 5, 'Jelcz', 'L120', '2 - 0 - 2', '1996', '1996', 'NIE', 'NIE', 'NIE', 801, '', 'MAXI', 'TYLKO I WYŁĄCZNIE NA 201', 0, 0),
(339, 'Bus', 5, 'Jelcz', 'L120', '2 - 0 - 2', '1996', '1996', 'NIE', 'NIE', 'NIE', 802, '', 'MAXI', 'TYLKO I WYŁĄCZNIE NA 201', 0, 0),
(340, 'Bus', 5, 'Jelcz', 'L120', '2 - 0 - 2', '1996', '1996', 'NIE', 'NIE', 'NIE', 803, '', 'MAXI', 'TYLKO I WYŁĄCZNIE NA 201', 0, 0),
(341, 'Bus', 5, 'Jelcz', 'L120', '2 - 0 - 2', '1996', '1996', 'NIE', 'NIE', 'NIE', 804, '', 'MAXI', 'TYLKO I WYŁĄCZNIE NA 201', 0, 0),
(342, 'Bus', 5, 'WZS', 'Wawrzyniec 702A', '1 - 2 - 2', '1984', 'WYPOŻYCZONY-2020', 'NIE', 'NIE', 'NIE', 805, '', 'MAXI', 'WYPOŻYCZONY NA CZAS NIEOKREŚLONY', 0, 0),
(343, 'Tram', 5, 'Hunter', 'CFL154Dg', '1 - 2 - 1', '2020', '2020', 'TAK', 'TAK', 'TAK', 901, '', 'Wagon', 'Klimatyzacja tylko na pokaz', 0, 0),
(344, 'Tram', 5, 'Hunter', 'CFL154Dg', '1 - 2 - 1', '2020', '2020', 'TAK', 'TAK', 'TAK', 902, '', 'Wagon', 'Klimatyzacja tylko na pokaz', 0, 0),
(345, 'Bus', 4, 'EA APOLLO', 'Apollo M80', '2-2-2-2', '1982', '1996', 'NIE', 'NIE', 'NIE', 0, 'WB 13978', 'MEGA', 'Przyczepa z WKB 2731', 0, 0),
(346, 'Trol', 4, 'WFA', 'SN122T', '2-2-2', '1983', '1997', 'NIE', 'NIE', 'NIE', 0, 'WB 10555', 'MAXI', '-', 0, 0),
(347, 'Bus', 4, 'Jelcz', 'PR110U CNG', '2-2-2', '1983', '1983', 'NIE', 'NIE', 'NIE', 0, 'WB 24762', 'MAXI', 'Modernizacja 2011 - ZNT PKS', 0, 0),
(348, 'Bus', 4, 'WZS', 'Wawrzyniec 702A', '1-2-2', '1984', '1984', 'NIE', 'NIE', 'NIE', 0, 'WKB 2732', 'MIDI', 'Reklama skp KZK Batorz (tył)', 0, 0),
(349, 'Bus', 4, 'WZS', 'Wawrzyniec 702A', '1-2-2', '1984', '1984', 'NIE', 'NIE', 'NIE', 0, 'WKB 2671', 'MIDI', 'Wypożyczony do PK Doły G.', 0, 0),
(350, 'Bus', 4, 'Jelcz', 'PR110M CNG', '2-2-2', '1986', '1986', 'NIE', 'NIE', 'NIE', 0, 'WB 27246', 'MAXI', 'Modernizacja 2011 - ZNT PKS', 0, 0),
(351, 'Bus', 4, 'JZS', 'Jelcz M11', '2-2-2', '1987', '1987', 'NIE', 'NIE', 'NIE', 0, 'WKB 2696', 'MAXI', 'Reklama BS w Batorzu (boki)', 0, 0),
(352, 'Bus', 4, 'JZS', 'Jelcz M11', '2-2-2', '1988', '1997', 'NIE', 'NIE', 'NIE', 0, 'WB 29749', 'MAXI', '', 0, 0),
(353, 'Bus', 4, 'WFA', 'SN218', '2-2-2', '1988', '2009', 'NIE', 'NIE', 'NIE', 0, 'WB 32463', 'MAXI', '', 0, 0),
(354, 'Bus', 4, 'Jelcz', 'L11/2', '2-0-2', '1989', '1989', 'NIE', 'NIE', 'NIE', 0, 'WKB 2726', 'MAXI', '', 0, 0),
(355, 'Trol', 4, 'KPNA', 'Jelcz PR110E', '2-2-2', '1989', '1997', 'NIE', 'NIE', 'NIE', 0, 'WB 23340', 'MAXI', 'NG 2003', 0, 0),
(356, 'Bus', 4, 'ZRTS KSK \"Radomyśl\"', 'Radomyśl-1B', '0-2-2', '1992', '1992', 'NIE', 'NIE', 'NIE', 0, 'WB 35244', 'MAXI', '', 0, 0),
(357, 'Bus', 4, 'JZS', 'Jelcz 120M', '2-2-2', '1994', '2018', 'NIE', 'NIE', 'NIE', 0, 'RST F703', 'MAXI', '', 0, 0),
(358, 'Bus', 4, 'JZS', 'Jelcz 120M', '2-2-2', '1995', '1995', 'NIE', 'NIE', 'NIE', 0, 'WB 10396', 'MAXI', '', 0, 0),
(359, 'Bus', 4, 'JZS', 'Jelcz 120M', '2-2-2', '1995', '1995', 'NIE', 'NIE', 'NIE', 0, 'WKB 2715', 'MAXI', 'Reklama BS w Batorzu (boki)', 0, 0),
(360, 'Bus', 4, 'Ikarus', '263.10', '2-2-2', '1996', '1996', 'NIE', 'NIE', 'NIE', 0, 'WKB 2721', 'MAXI', 'Reklama NOWEX (całopojazdowa)', 0, 0),
(361, 'Bus', 4, 'Autosan', 'H6-20.02', '0-1-1', '1996', '1996', 'NIE', 'NIE', 'NIE', 0, 'WKB 2729', 'MAXI', '', 0, 0),
(362, 'Trol', 4, 'EA APOLLO/KZK', 'M79/E', '2-2-2', '1997', '1997', 'NIE', 'NIE', 'NIE', 0, 'WKB 2681', 'MAXI', 'Przebudowa z autobusu - 1997', 0, 0),
(363, 'Trol', 4, 'EA APOLLO/KZK', 'M79/E', '2-2-2', '1997', '1997', 'NIE', 'NIE', 'NIE', 0, 'WB 18172', 'MAXI', 'Przebudowa z autobusu - 1997', 0, 0),
(364, 'Bus', 4, 'EA APOLLO', 'Apollo M93', '2-2-2', '1998', '1998', 'NIE', 'NIE', 'NIE', 0, 'WKB 2724', 'MAXI', '', 0, 0),
(365, 'Bus', 4, 'Jelcz', '120M/3', '2-2-2', '1998', '1998', 'NIE', 'NIE', 'NIE', 0, 'WKB 2686', 'MAXI', '', 0, 0),
(366, 'Bus', 4, 'Jelcz', '120M/3', '2-2-2', '1998', '1998', 'NIE', 'NIE', 'NIE', 0, 'WB 17725', 'MAXI', '', 0, 0),
(367, 'Bus', 4, 'Jelcz', 'M121', '2-2-2', '1998', '1998', 'NIE', 'NIE', 'TAK', 0, 'WKB 2734', 'MAXI', '', 0, 0),
(368, 'Bus', 4, 'Jelcz', 'M121MB', '2-2-2', '2000', '2000', 'NIE', 'NIE', 'TAK', 0, 'WB 19060', 'MAXI', '', 0, 0),
(369, 'Bus', 4, 'Jelcz', 'M121MB', '2-2-2', '2000', '2000', 'NIE', 'NIE', 'TAK', 0, 'WB 27357', 'MAXI', '', 0, 0),
(370, 'Bus', 4, 'Autosan', 'H7-20.01', '0-2-1', '2000', '2000', 'NIE', 'NIE', 'NIE', 0, 'WB 07286', 'MIDI', 'Reklama skp KZK Batorz (tył)', 0, 0);

-- --------------------------------------------------------

--
-- Struktura tabeli dla tabeli `workshop`
--

CREATE TABLE `workshop` (
  `id` int(11) NOT NULL,
  `id_pojazdu` int(11) NOT NULL,
  `powod` longtext COLLATE utf8_polish_ci,
  `data_roz` datetime DEFAULT NULL,
  `data_zak` datetime DEFAULT NULL,
  `miasto` int(11) NOT NULL
) ENGINE=InnoDB DEFAULT CHARSET=utf8 COLLATE=utf8_polish_ci;

--
-- Zrzut danych tabeli `workshop`
--

INSERT INTO `workshop` (`id`, `id_pojazdu`, `powod`, `data_roz`, `data_zak`, `miasto`) VALUES
(1, 1, 'fsdagfgsdgsd', '2020-02-02 00:00:00', '2021-02-02 00:00:00', 2),
(2, 8, '10', '2020-01-01 00:00:00', '2023-02-02 00:00:00', 2),
(3, 220, 'Wymiana pieca', '2020-03-18 00:00:00', '2020-03-24 00:00:00', 3);

--
-- Indeksy dla zrzutów tabel
--

--
-- Indeksy dla tabeli `destination`
--
ALTER TABLE `destination`
  ADD PRIMARY KEY (`id`);

--
-- Indeksy dla tabeli `plan`
--
ALTER TABLE `plan`
  ADD PRIMARY KEY (`id`);

--
-- Indeksy dla tabeli `timetable`
--
ALTER TABLE `timetable`
  ADD PRIMARY KEY (`id`);

--
-- Indeksy dla tabeli `timetable_course`
--
ALTER TABLE `timetable_course`
  ADD PRIMARY KEY (`id`);

--
-- Indeksy dla tabeli `users`
--
ALTER TABLE `users`
  ADD PRIMARY KEY (`id`);

--
-- Indeksy dla tabeli `vehicles`
--
ALTER TABLE `vehicles`
  ADD PRIMARY KEY (`id`);

--
-- Indeksy dla tabeli `workshop`
--
ALTER TABLE `workshop`
  ADD PRIMARY KEY (`id`);

--
-- AUTO_INCREMENT for dumped tables
--

--
-- AUTO_INCREMENT dla tabeli `plan`
--
ALTER TABLE `plan`
  MODIFY `id` int(11) NOT NULL AUTO_INCREMENT, AUTO_INCREMENT=197;

--
-- AUTO_INCREMENT dla tabeli `timetable`
--
ALTER TABLE `timetable`
  MODIFY `id` int(11) NOT NULL AUTO_INCREMENT, AUTO_INCREMENT=58;

--
-- AUTO_INCREMENT dla tabeli `timetable_course`
--
ALTER TABLE `timetable_course`
  MODIFY `id` int(11) NOT NULL AUTO_INCREMENT, AUTO_INCREMENT=578;

--
-- AUTO_INCREMENT dla tabeli `vehicles`
--
ALTER TABLE `vehicles`
  MODIFY `id` int(11) NOT NULL AUTO_INCREMENT, AUTO_INCREMENT=371;

--
-- AUTO_INCREMENT dla tabeli `workshop`
--
ALTER TABLE `workshop`
  MODIFY `id` int(11) NOT NULL AUTO_INCREMENT, AUTO_INCREMENT=4;
COMMIT;

/*!40101 SET CHARACTER_SET_CLIENT=@OLD_CHARACTER_SET_CLIENT */;
/*!40101 SET CHARACTER_SET_RESULTS=@OLD_CHARACTER_SET_RESULTS */;
/*!40101 SET COLLATION_CONNECTION=@OLD_COLLATION_CONNECTION */;
